order_id,order_date,order_datetime,customer_id,first_order_date,member_rank,device,category,maker,brand,product_code,price,quantity,sales_amount,cost_amount,channel,promo_type,discount_amount,feature_tag
ORD500565,2026-01-01,2026-01-01 07:26:02,C100308,2025-05-29,シルバー,PC,食品,和ごころ,産直便,食品-6308,6670,2,13340,8431,メルマガ,なし,0,なし
ORD500893,2026-01-01,2026-01-01 09:54:20,C100227,2025-10-28,シルバー,PC,ファッション,UNIWEAR,LuxeMode,ファ-3152,22540,2,45080,23933,メルマガ,なし,0,なし
ORD501239,2026-01-01,2026-01-01 12:09:05,C100076,2025-06-06,ブロンズ,スマホ,ファッション,StreetCo,LuxeMode,ファ-7051,3050,3,9150,5458,SNS,クーポン,1500,なし
ORD500354,2026-01-01,2026-01-01 13:45:42,C100415,2025-12-25,ブロンズ,スマホ,家電,Panafit,ProLine,家電-1969,57220,1,57220,43042,自然検索,なし,0,なし
ORD500641,2026-01-01,2026-01-01 16:10:00,C100091,2026-01-01,ブロンズ,スマホ,スポーツ,ActiveOne,SpeedFit,スポ-1516,9260,1,9260,6036,メルマガ,なし,0,なし
ORD500210,2026-01-01,2026-01-01 18:09:17,C100556,2026-01-01,シルバー,スマホ,ファッション,StreetCo,LuxeMode,ファ-8308,5120,1,5120,2162,Push通知,なし,0,なし
ORD500130,2026-01-01,2026-01-01 19:38:53,C100546,2025-08-02,ブロンズ,タブレット,家電,Panafit,EcoWave,家電-3658,59440,3,178320,144324,SNS,なし,0,なし
ORD500135,2026-01-01,2026-01-01 20:39:04,C100695,2025-04-22,ブロンズ,スマホ,ファッション,UNIWEAR,CasualX,ファ-4541,18990,1,18990,7873,メルマガ,なし,0,なし
ORD501207,2026-01-01,2026-01-01 21:33:34,C100040,2025-03-02,シルバー,スマホ,スポーツ,ActiveOne,FlexCore,スポ-5917,27870,1,27870,17347,Google広告,クーポン,300,なし
ORD500321,2026-01-02,2026-01-02 09:18:07,C100459,2025-01-27,プラチナ,タブレット,家電,東芝ライク,EcoWave,家電-1312,18520,1,18520,13396,自然検索,なし,0,なし
ORD500292,2026-01-02,2026-01-02 13:07:47,C100288,2025-10-07,ゴールド,スマホ,家電,Panafit,EcoWave,家電-2116,27740,2,55480,42060,自然検索,クーポン,1000,なし
ORD501383,2026-01-02,2026-01-02 16:08:33,C100174,2026-01-02,ブロンズ,スマホ,ファッション,ModeJP,CasualX,ファ-1212,11060,3,33180,13742,自然検索,なし,0,なし
ORD500881,2026-01-03,2026-01-03 06:04:22,C100017,2025-02-09,シルバー,スマホ,家電,東芝ライク,EcoWave,家電-7248,64450,2,128900,96049,メルマガ,ポイント,3536,なし
ORD501114,2026-01-03,2026-01-03 10:17:11,C100328,2025-02-16,ブロンズ,PC,スポーツ,RunPro,OutFieldr,スポ-6268,15910,2,31820,22228,自然検索,なし,0,なし
ORD500642,2026-01-03,2026-01-03 12:38:36,C100664,2025-11-08,ブロンズ,スマホ,スポーツ,RunPro,SpeedFit,スポ-2943,15060,1,15060,10120,メルマガ,なし,0,なし
ORD501259,2026-01-03,2026-01-03 16:36:13,C100144,2026-01-03,ゴールド,スマホ,スポーツ,RunPro,SpeedFit,スポ-7472,7950,2,15900,10459,LINE,なし,0,新春セール
ORD500171,2026-01-03,2026-01-03 17:05:36,C100541,2024-12-29,プラチナ,スマホ,ファッション,UNIWEAR,DailyFit,ファ-2025,7360,2,14720,6533,自然検索,ポイント,573,なし
ORD500653,2026-01-03,2026-01-03 17:14:24,C100109,2026-01-03,シルバー,PC,スポーツ,ActiveOne,SpeedFit,スポ-5305,29610,1,29610,17991,LINE,ポイント,1175,週末タイムセール
ORD501311,2026-01-03,2026-01-03 18:05:09,C100031,2025-04-07,プラチナ,スマホ,スポーツ,RunPro,OutFieldr,スポ-1488,25790,2,51580,30526,SNS,ポイント,1496,なし
ORD500937,2026-01-03,2026-01-03 19:49:25,C100269,2025-11-04,ブロンズ,スマホ,食品,和ごころ,ご褒美グルメ,食品-1484,1890,3,5670,4204,LINE,なし,0,なし
ORD501317,2026-01-03,2026-01-03 22:35:48,C100262,2025-05-19,プラチナ,PC,ファッション,UNIWEAR,CasualX,ファ-4878,23320,1,23320,11681,Google広告,ポイント,1363,なし
ORD500085,2026-01-04,2026-01-04 06:07:43,C100661,2026-01-04,シルバー,スマホ,ファッション,StreetCo,LuxeMode,ファ-1412,3630,2,7260,3005,SNS,なし,0,なし
ORD501221,2026-01-04,2026-01-04 09:59:56,C100557,2026-01-04,ブロンズ,スマホ,スポーツ,RunPro,FlexCore,スポ-2648,6150,2,12300,8452,Google広告,ポイント,982,なし
ORD500408,2026-01-04,2026-01-04 11:42:12,C100218,2025-08-13,ブロンズ,PC,ファッション,ModeJP,CasualX,ファ-7409,24050,1,24050,14228,自然検索,なし,0,なし
ORD500786,2026-01-04,2026-01-04 12:18:49,C100314,2025-04-17,ブロンズ,PC,ファッション,UNIWEAR,DailyFit,ファ-6041,21730,2,43460,21977,メルマガ,ポイント,2134,母の日特集
ORD500880,2026-01-04,2026-01-04 14:52:39,C100429,2026-01-04,ゴールド,スマホ,美容,BeautéJP,ピュアケア,美容-7608,15970,1,15970,7640,Google広告,ポイント,1044,なし
ORD500752,2026-01-04,2026-01-04 16:37:58,C100003,2025-08-08,シルバー,スマホ,スポーツ,RunPro,FlexCore,スポ-8452,20480,1,20480,12872,Google広告,ポイント,574,なし
ORD500747,2026-01-04,2026-01-04 16:54:45,C100352,2025-05-19,ブロンズ,スマホ,家電,東芝ライク,EcoWave,家電-4090,44870,3,134610,99792,SNS,ポイント,8288,なし
ORD501154,2026-01-04,2026-01-04 18:59:10,C100610,2026-01-04,シルバー,スマホ,スポーツ,RunPro,FlexCore,スポ-2664,8640,2,17280,11978,LINE,なし,0,なし
ORD500312,2026-01-04,2026-01-04 19:13:21,C100200,2025-06-27,シルバー,スマホ,家電,SonyTech,AlphaGear,家電-5730,37120,2,74240,53136,自然検索,なし,0,なし
ORD500003,2026-01-04,2026-01-04 19:44:13,C100533,2025-05-11,シルバー,スマホ,ファッション,ModeJP,LuxeMode,ファ-7297,7140,2,14280,7742,メルマガ,なし,0,なし
ORD500800,2026-01-04,2026-01-04 21:27:10,C100489,2025-11-13,シルバー,PC,食品,旨味屋,毎日おいしい,食品-6350,4060,3,12180,7479,Google広告,ポイント,257,なし
ORD500561,2026-01-05,2026-01-05 05:04:25,C100357,2026-01-05,ゴールド,スマホ,ファッション,ModeJP,LuxeMode,ファ-3225,8540,2,17080,9162,メルマガ,ポイント,455,なし
ORD500463,2026-01-05,2026-01-05 06:30:26,C100355,2026-01-05,シルバー,スマホ,家電,SonyTech,EcoWave,家電-6283,5650,2,11300,8259,SNS,クーポン,300,なし
ORD501172,2026-01-05,2026-01-05 08:14:00,C100470,2026-01-05,ブロンズ,スマホ,ファッション,StreetCo,CasualX,ファ-5796,12250,2,24500,13236,Push通知,なし,0,送料無料キャンペーン
ORD500702,2026-01-05,2026-01-05 12:46:58,C100045,2026-01-05,シルバー,スマホ,食品,GreenFarm,ご褒美グルメ,食品-1628,6120,1,6120,4180,LINE,ポイント,310,母の日特集
ORD500051,2026-01-05,2026-01-05 13:56:55,C100157,2025-10-16,ゴールド,PC,美容,NaturaSkin,モイスト+,美容-3302,1780,1,1780,751,SNS,ポイント,58,週末タイムセール
ORD500726,2026-01-05,2026-01-05 21:59:06,C100626,2025-06-11,シルバー,PC,ファッション,StreetCo,LuxeMode,ファ-4857,2180,2,4360,2441,Push通知,なし,0,なし
ORD500501,2026-01-05,2026-01-05 22:34:16,C100271,2024-12-10,シルバー,スマホ,ファッション,StreetCo,CasualX,ファ-6662,6010,2,12020,7081,自然検索,なし,0,なし
ORD500272,2026-01-05,2026-01-05 23:45:28,C100334,2025-08-20,シルバー,PC,美容,GlowLab,ラディア,美容-1834,4750,3,14250,6684,自然検索,クーポン,300,なし
ORD500128,2026-01-06,2026-01-06 05:43:05,C100321,2025-01-28,シルバー,PC,スポーツ,RunPro,OutFieldr,スポ-1142,27020,2,54040,31740,メルマガ,ポイント,2848,週末タイムセール
ORD500082,2026-01-06,2026-01-06 11:20:27,C100226,2026-01-06,ゴールド,スマホ,美容,NaturaSkin,ピュアケア,美容-4400,15420,2,30840,13301,Google広告,なし,0,なし
ORD500195,2026-01-06,2026-01-06 16:56:28,C100394,2026-01-06,シルバー,スマホ,食品,和ごころ,ご褒美グルメ,食品-3862,2080,1,2080,1377,Google広告,なし,0,母の日特集
ORD500370,2026-01-06,2026-01-06 19:01:00,C100645,2025-06-05,ブロンズ,PC,食品,和ごころ,ご褒美グルメ,食品-9554,2930,2,5860,3579,Google広告,ポイント,242,なし
ORD500242,2026-01-06,2026-01-06 20:28:17,C100270,2025-05-16,ゴールド,PC,ファッション,UNIWEAR,DailyFit,ファ-4636,13680,3,41040,19203,自然検索,なし,0,なし
ORD500144,2026-01-06,2026-01-06 20:30:41,C100367,2025-05-29,ブロンズ,タブレット,食品,和ごころ,産直便,食品-6874,6200,3,18600,13670,自然検索,なし,0,なし
ORD500414,2026-01-07,2026-01-07 12:14:27,C100354,2026-01-07,ブロンズ,スマホ,家電,Panafit,ProLine,家電-4871,19230,2,38460,29017,メルマガ,なし,0,なし
ORD500189,2026-01-07,2026-01-07 14:02:05,C100092,2026-01-07,シルバー,PC,ファッション,ModeJP,LuxeMode,ファ-7483,18620,2,37240,18683,SNS,なし,0,なし
ORD501388,2026-01-07,2026-01-07 16:37:31,C100424,2025-07-26,ブロンズ,スマホ,ファッション,StreetCo,DailyFit,ファ-8327,5250,1,5250,2176,メルマガ,なし,0,新春セール
ORD501121,2026-01-07,2026-01-07 18:59:37,C100437,2026-01-07,ブロンズ,スマホ,食品,GreenFarm,ご褒美グルメ,食品-7205,6210,3,18630,13033,メルマガ,なし,0,なし
ORD500488,2026-01-07,2026-01-07 19:45:29,C100407,2025-02-18,プラチナ,タブレット,ファッション,ModeJP,CasualX,ファ-9762,7840,1,7840,4449,メルマガ,なし,0,週末タイムセール
ORD500878,2026-01-07,2026-01-07 19:52:50,C100231,2026-01-07,シルバー,スマホ,ファッション,UNIWEAR,LuxeMode,ファ-3409,18730,1,18730,10185,LINE,なし,0,母の日特集
ORD500765,2026-01-07,2026-01-07 21:55:48,C100570,2026-01-07,ブロンズ,スマホ,ファッション,ModeJP,CasualX,ファ-3941,5550,3,16650,7124,Google広告,なし,0,なし
ORD500400,2026-01-07,2026-01-07 23:10:27,C100091,2026-01-07,ブロンズ,PC,ファッション,StreetCo,DailyFit,ファ-7637,20570,3,61710,26971,LINE,ポイント,2948,なし
ORD500094,2026-01-08,2026-01-08 11:51:53,C100641,2026-01-08,ゴールド,スマホ,ファッション,ModeJP,CasualX,ファ-5522,2720,1,2720,1492,自然検索,なし,0,新春セール
ORD500251,2026-01-08,2026-01-08 14:57:05,C100226,2026-01-08,ゴールド,PC,ファッション,StreetCo,CasualX,ファ-2740,11270,1,11270,4728,メルマガ,ポイント,865,なし
ORD501241,2026-01-08,2026-01-08 16:29:53,C100375,2025-01-20,ブロンズ,スマホ,美容,GlowLab,モイスト+,美容-6016,2490,2,4980,2209,Google広告,ポイント,253,週末タイムセール
ORD500483,2026-01-08,2026-01-08 17:20:53,C100325,2025-04-09,ブロンズ,スマホ,スポーツ,ActiveOne,OutFieldr,スポ-5753,16630,2,33260,20548,LINE,なし,0,なし
ORD501178,2026-01-08,2026-01-08 17:52:59,C100079,2025-12-20,ゴールド,スマホ,ファッション,StreetCo,CasualX,ファ-3085,9660,3,28980,15637,自然検索,ポイント,1437,送料無料キャンペーン
ORD501270,2026-01-08,2026-01-08 19:51:56,C100374,2026-01-08,ブロンズ,スマホ,ファッション,StreetCo,DailyFit,ファ-2321,16700,1,16700,9185,自然検索,クーポン,500,送料無料キャンペーン
ORD500362,2026-01-08,2026-01-08 21:46:26,C100102,2026-01-08,シルバー,PC,美容,NaturaSkin,ピュアケア,美容-7682,5950,1,5950,3081,LINE,なし,0,新春セール
ORD500146,2026-01-09,2026-01-09 08:28:07,C100551,2025-07-13,ブロンズ,スマホ,食品,旨味屋,毎日おいしい,食品-4162,3060,1,3060,1977,SNS,ポイント,160,週末タイムセール
ORD500924,2026-01-09,2026-01-09 09:11:33,C100210,2025-04-27,ブロンズ,スマホ,家電,Panafit,AlphaGear,家電-6672,75220,3,225660,160098,Push通知,なし,0,なし
ORD500173,2026-01-09,2026-01-09 10:03:57,C100494,2025-05-14,ブロンズ,スマホ,食品,和ごころ,毎日おいしい,食品-7083,4970,1,4970,3246,SNS,なし,0,なし
ORD500870,2026-01-09,2026-01-09 10:19:16,C100487,2025-09-30,プラチナ,スマホ,食品,旨味屋,ご褒美グルメ,食品-2367,1210,2,2420,1464,Google広告,なし,0,なし
ORD500742,2026-01-09,2026-01-09 10:41:42,C100668,2026-01-09,ブロンズ,スマホ,美容,GlowLab,モイスト+,美容-1078,10920,1,10920,4977,メルマガ,クーポン,1000,なし
ORD501148,2026-01-09,2026-01-09 12:25:52,C100603,2025-02-13,ブロンズ,PC,美容,NaturaSkin,モイスト+,美容-6868,8470,2,16940,8826,Push通知,クーポン,300,新春セール
ORD501379,2026-01-09,2026-01-09 14:57:44,C100608,2026-01-09,シルバー,スマホ,ファッション,ModeJP,LuxeMode,ファ-7571,20880,3,62640,27638,SNS,ポイント,3085,送料無料キャンペーン
ORD501223,2026-01-09,2026-01-09 15:47:26,C100200,2025-06-27,シルバー,スマホ,スポーツ,ActiveOne,FlexCore,スポ-2018,5630,3,16890,9858,Google広告,なし,0,新春セール
ORD500993,2026-01-09,2026-01-09 18:31:06,C100423,2025-10-30,ゴールド,PC,食品,旨味屋,毎日おいしい,食品-2940,2920,3,8760,5360,LINE,クーポン,1500,なし
ORD501332,2026-01-09,2026-01-09 21:34:44,C100454,2025-11-08,ブロンズ,タブレット,美容,NaturaSkin,ピュアケア,美容-8865,16390,1,16390,8020,メルマガ,クーポン,1000,なし
ORD501129,2026-01-10,2026-01-10 00:20:00,C100065,2025-06-03,ブロンズ,タブレット,美容,GlowLab,ピュアケア,美容-9975,11270,2,22540,9056,自然検索,なし,0,新春セール
ORD500441,2026-01-10,2026-01-10 05:10:01,C100570,2026-01-10,ブロンズ,PC,ファッション,ModeJP,LuxeMode,ファ-6342,20750,1,20750,12303,メルマガ,ポイント,676,なし
ORD500684,2026-01-10,2026-01-10 06:40:59,C100502,2026-01-10,ゴールド,タブレット,ファッション,UNIWEAR,LuxeMode,ファ-1514,10140,1,10140,5383,Google広告,なし,0,なし
ORD500008,2026-01-10,2026-01-10 13:23:19,C100164,2025-07-27,ブロンズ,スマホ,美容,GlowLab,ピュアケア,美容-5420,4920,3,14760,7693,自然検索,クーポン,1500,なし
ORD500959,2026-01-10,2026-01-10 17:38:40,C100036,2026-01-10,シルバー,PC,食品,和ごころ,毎日おいしい,食品-4567,5840,3,17520,11231,自然検索,なし,0,新春セール
ORD500948,2026-01-10,2026-01-10 20:08:29,C100123,2025-08-27,ブロンズ,スマホ,ファッション,UNIWEAR,DailyFit,ファ-4177,18780,1,18780,7724,メルマガ,ポイント,974,送料無料キャンペーン
ORD500564,2026-01-11,2026-01-11 08:22:15,C100646,2025-08-21,シルバー,スマホ,家電,Panafit,EcoWave,家電-6893,68670,1,68670,53554,Push通知,なし,0,母の日特集
ORD500157,2026-01-11,2026-01-11 09:31:32,C100106,2026-01-11,プラチナ,タブレット,ファッション,StreetCo,DailyFit,ファ-2394,20820,1,20820,8934,LINE,なし,0,なし
ORD501182,2026-01-11,2026-01-11 17:10:53,C100302,2024-12-02,シルバー,PC,ファッション,UNIWEAR,DailyFit,ファ-6933,23950,3,71850,30920,メルマガ,ポイント,3666,週末タイムセール
ORD501016,2026-01-11,2026-01-11 20:01:29,C100506,2025-09-30,シルバー,スマホ,美容,GlowLab,ラディア,美容-9942,16780,1,16780,7794,メルマガ,なし,0,母の日特集
ORD500570,2026-01-11,2026-01-11 20:14:02,C100265,2025-10-30,シルバー,PC,ファッション,StreetCo,DailyFit,ファ-6772,20390,3,61170,30788,メルマガ,なし,0,なし
ORD501158,2026-01-11,2026-01-11 20:16:34,C100023,2026-01-11,ブロンズ,スマホ,ファッション,StreetCo,LuxeMode,ファ-8955,14070,1,14070,7808,LINE,なし,0,なし
ORD501351,2026-01-12,2026-01-12 09:08:46,C100514,2026-01-12,ブロンズ,PC,ファッション,StreetCo,CasualX,ファ-6687,4810,2,9620,4429,自然検索,クーポン,300,なし
ORD500857,2026-01-12,2026-01-12 10:34:21,C100007,2026-01-05,ゴールド,スマホ,家電,Panafit,EcoWave,家電-6946,26860,2,53720,39875,自然検索,ポイント,1128,なし
ORD500861,2026-01-12,2026-01-12 14:02:45,C100511,2026-01-12,シルバー,スマホ,家電,東芝ライク,AlphaGear,家電-8132,68840,1,68840,52314,Google広告,ポイント,4770,なし
ORD500072,2026-01-12,2026-01-12 17:13:26,C100472,2025-08-04,ブロンズ,スマホ,家電,Panafit,ProLine,家電-8223,51260,3,153780,125896,SNS,なし,0,なし
ORD500494,2026-01-12,2026-01-12 17:31:56,C100286,2025-02-28,シルバー,タブレット,食品,GreenFarm,ご褒美グルメ,食品-7261,6840,1,6840,4640,LINE,ポイント,442,なし
ORD500629,2026-01-12,2026-01-12 17:37:31,C100008,2025-03-23,シルバー,PC,スポーツ,ActiveOne,SpeedFit,スポ-6009,15780,1,15780,11003,メルマガ,ポイント,468,なし
ORD501123,2026-01-12,2026-01-12 17:43:18,C100412,2025-05-07,ブロンズ,スマホ,ファッション,ModeJP,LuxeMode,ファ-4076,23000,1,23000,13749,Push通知,クーポン,1500,母の日特集
ORD500445,2026-01-12,2026-01-12 18:31:52,C100342,2025-11-22,ブロンズ,PC,食品,和ごころ,毎日おいしい,食品-3150,3520,2,7040,5164,自然検索,なし,0,新春セール
ORD501349,2026-01-13,2026-01-13 03:49:46,C100535,2025-02-24,ブロンズ,スマホ,ファッション,StreetCo,LuxeMode,ファ-5733,9910,1,9910,5875,LINE,なし,0,なし
ORD500278,2026-01-13,2026-01-13 08:40:34,C100058,2026-01-13,ブロンズ,スマホ,美容,BeautéJP,モイスト+,美容-9545,17860,2,35720,13379,Push通知,なし,0,なし
ORD500609,2026-01-13,2026-01-13 10:41:32,C100536,2025-08-18,ブロンズ,タブレット,ファッション,ModeJP,CasualX,ファ-1087,14830,2,29660,17301,メルマガ,ポイント,2265,送料無料キャンペーン
ORD500263,2026-01-13,2026-01-13 11:31:51,C100221,2025-08-18,ゴールド,タブレット,食品,GreenFarm,毎日おいしい,食品-3239,5930,1,5930,4088,Google広告,なし,0,母の日特集
ORD500080,2026-01-13,2026-01-13 20:02:26,C100560,2025-10-04,ゴールド,PC,食品,和ごころ,毎日おいしい,食品-2042,3340,3,10020,6780,自然検索,なし,0,なし
ORD500177,2026-01-13,2026-01-13 20:42:17,C100128,2025-10-26,シルバー,スマホ,家電,SonyTech,ProLine,家電-3706,30240,2,60480,48243,自然検索,なし,0,送料無料キャンペーン
ORD501202,2026-01-13,2026-01-13 22:53:48,C100562,2025-09-08,ゴールド,スマホ,スポーツ,ActiveOne,SpeedFit,スポ-8334,15300,1,15300,10331,LINE,クーポン,300,母の日特集
ORD500105,2026-01-14,2026-01-14 05:43:53,C100003,2025-08-08,シルバー,スマホ,美容,GlowLab,ラディア,美容-3817,13900,1,13900,6294,Google広告,なし,0,なし
ORD500245,2026-01-14,2026-01-14 10:44:05,C100606,2025-06-02,ゴールド,タブレット,ファッション,StreetCo,DailyFit,ファ-4828,9360,3,28080,11544,メルマガ,ポイント,677,送料無料キャンペーン
ORD500822,2026-01-14,2026-01-14 20:20:06,C100333,2026-01-14,シルバー,PC,美容,BeautéJP,モイスト+,美容-8647,9010,2,18020,8976,SNS,なし,0,母の日特集
ORD500199,2026-01-14,2026-01-14 21:02:52,C100571,2025-07-26,ゴールド,スマホ,食品,和ごころ,産直便,食品-3265,7100,2,14200,10435,Google広告,ポイント,398,なし
ORD500815,2026-01-15,2026-01-15 08:46:29,C100328,2025-02-16,ブロンズ,スマホ,食品,GreenFarm,ご褒美グルメ,食品-2041,6890,1,6890,4746,メルマガ,なし,0,新春セール
ORD500922,2026-01-15,2026-01-15 10:02:29,C100279,2025-01-13,ゴールド,スマホ,美容,BeautéJP,ラディア,美容-3213,9490,1,9490,5012,Google広告,ポイント,358,週末タイムセール
ORD500415,2026-01-15,2026-01-15 15:09:09,C100217,2025-01-21,ブロンズ,スマホ,食品,旨味屋,毎日おいしい,食品-1674,6360,1,6360,4178,自然検索,ポイント,274,送料無料キャンペーン
ORD500261,2026-01-15,2026-01-15 18:51:10,C100556,2026-01-15,シルバー,PC,ファッション,UNIWEAR,LuxeMode,ファ-8162,2280,1,2280,1152,自然検索,なし,0,なし
ORD500077,2026-01-15,2026-01-15 19:42:04,C100492,2026-01-15,シルバー,スマホ,美容,GlowLab,モイスト+,美容-5251,13340,2,26680,13008,Google広告,クーポン,300,なし
ORD500469,2026-01-15,2026-01-15 20:06:06,C100154,2025-08-05,シルバー,スマホ,家電,SonyTech,AlphaGear,家電-5491,58070,1,58070,44067,SNS,なし,0,なし
ORD500578,2026-01-15,2026-01-15 21:32:25,C100072,2025-08-22,ブロンズ,スマホ,家電,東芝ライク,ProLine,家電-8060,53500,1,53500,43395,Google広告,クーポン,1000,新春セール
ORD500535,2026-01-15,2026-01-15 22:12:03,C100368,2024-12-09,シルバー,スマホ,美容,BeautéJP,モイスト+,美容-5944,14230,1,14230,7728,自然検索,なし,0,なし
ORD501319,2026-01-16,2026-01-16 07:44:59,C100193,2025-06-24,プラチナ,タブレット,食品,旨味屋,毎日おいしい,食品-7004,2310,1,2310,1476,Google広告,ポイント,114,送料無料キャンペーン
ORD500582,2026-01-16,2026-01-16 09:37:43,C100253,2025-06-06,シルバー,タブレット,食品,旨味屋,産直便,食品-5563,5100,1,5100,3111,自然検索,なし,0,新春セール
ORD500848,2026-01-16,2026-01-16 10:38:42,C100077,2025-04-07,ゴールド,スマホ,スポーツ,ActiveOne,SpeedFit,スポ-7585,21060,2,42120,24006,メルマガ,なし,0,母の日特集
ORD501164,2026-01-16,2026-01-16 14:05:03,C100625,2025-04-10,シルバー,スマホ,ファッション,StreetCo,LuxeMode,ファ-6912,22010,1,22010,9268,メルマガ,なし,0,なし
ORD500491,2026-01-16,2026-01-16 16:19:18,C100248,2026-01-16,プラチナ,スマホ,食品,和ごころ,毎日おいしい,食品-5307,5460,2,10920,7075,Google広告,なし,0,なし
ORD500942,2026-01-16,2026-01-16 16:38:45,C100392,2025-06-27,ゴールド,スマホ,美容,GlowLab,モイスト+,美容-6653,9460,3,28380,12659,Google広告,ポイント,1268,なし
ORD501141,2026-01-16,2026-01-16 17:41:40,C100518,2025-08-29,ブロンズ,PC,美容,BeautéJP,モイスト+,美容-2315,12370,1,12370,5525,LINE,クーポン,1000,なし
ORD501328,2026-01-16,2026-01-16 18:07:56,C100297,2025-08-08,シルバー,PC,家電,東芝ライク,EcoWave,家電-6371,74850,1,74850,60085,Push通知,なし,0,なし
ORD501307,2026-01-16,2026-01-16 18:29:34,C100596,2025-10-29,シルバー,スマホ,家電,SonyTech,EcoWave,家電-9623,7730,2,15460,11728,自然検索,なし,0,なし
ORD500585,2026-01-16,2026-01-16 21:48:50,C100357,2026-01-16,ゴールド,スマホ,スポーツ,FieldMax,OutFieldr,スポ-4995,28050,1,28050,15864,LINE,クーポン,500,送料無料キャンペーン
ORD500577,2026-01-16,2026-01-16 22:07:16,C100318,2026-01-16,ブロンズ,PC,ファッション,UNIWEAR,CasualX,ファ-7375,3540,1,3540,1869,自然検索,なし,0,新春セール
ORD500648,2026-01-17,2026-01-17 05:31:27,C100561,2024-12-22,ゴールド,スマホ,ファッション,StreetCo,CasualX,ファ-3638,19140,2,38280,15883,Google広告,クーポン,1000,なし
ORD501212,2026-01-17,2026-01-17 11:49:48,C100672,2025-12-01,プラチナ,スマホ,ファッション,ModeJP,DailyFit,ファ-2741,10570,1,10570,4890,Push通知,なし,0,なし
ORD500110,2026-01-17,2026-01-17 14:17:47,C100620,2025-08-05,ブロンズ,PC,食品,GreenFarm,ご褒美グルメ,食品-9900,3680,1,3680,2301,Google広告,なし,0,新春セール
ORD500049,2026-01-17,2026-01-17 15:44:51,C100368,2024-12-09,シルバー,PC,食品,GreenFarm,毎日おいしい,食品-9845,1980,1,1980,1365,LINE,クーポン,300,なし
ORD501072,2026-01-17,2026-01-17 15:48:22,C100259,2025-11-02,ブロンズ,PC,スポーツ,ActiveOne,OutFieldr,スポ-9900,22650,2,45300,27430,Push通知,ポイント,2409,なし
ORD500145,2026-01-17,2026-01-17 20:40:48,C100693,2026-01-17,シルバー,スマホ,家電,SonyTech,EcoWave,家電-2969,71330,1,71330,52036,メルマガ,なし,0,なし
ORD500009,2026-01-18,2026-01-18 06:13:00,C100060,2026-01-18,シルバー,PC,美容,NaturaSkin,ピュアケア,美容-1313,6870,2,13740,5295,自然検索,なし,0,週末タイムセール
ORD501080,2026-01-18,2026-01-18 10:55:02,C100692,2026-01-18,シルバー,スマホ,美容,NaturaSkin,モイスト+,美容-7641,6810,2,13620,5292,Google広告,なし,0,なし
ORD501387,2026-01-18,2026-01-18 16:33:08,C100422,2026-01-18,シルバー,PC,美容,NaturaSkin,モイスト+,美容-2913,17330,3,51990,25522,Google広告,ポイント,2970,母の日特集
ORD501097,2026-01-18,2026-01-18 18:23:14,C100167,2025-03-03,シルバー,PC,ファッション,StreetCo,LuxeMode,ファ-6578,17630,2,35260,19007,メルマガ,ポイント,1363,母の日特集
ORD500176,2026-01-18,2026-01-18 20:33:03,C100049,2026-01-18,ブロンズ,PC,ファッション,StreetCo,DailyFit,ファ-3729,15480,1,15480,6204,Push通知,なし,0,母の日特集
ORD500741,2026-01-18,2026-01-18 20:53:56,C100638,2026-01-18,ブロンズ,スマホ,食品,和ごころ,産直便,食品-2631,3570,1,3570,2190,Google広告,なし,0,週末タイムセール
ORD500079,2026-01-18,2026-01-18 23:41:32,C100105,2026-01-18,ブロンズ,PC,家電,東芝ライク,EcoWave,家電-8717,29150,1,29150,22240,Google広告,ポイント,1081,なし
ORD500953,2026-01-19,2026-01-19 10:44:33,C100457,2025-11-29,ブロンズ,スマホ,食品,旨味屋,産直便,食品-7213,1900,1,1900,1400,自然検索,なし,0,母の日特集
ORD501291,2026-01-19,2026-01-19 11:05:48,C100424,2025-07-26,ブロンズ,スマホ,スポーツ,FieldMax,FlexCore,スポ-9086,30330,3,90990,62168,Google広告,クーポン,500,なし
ORD501179,2026-01-19,2026-01-19 14:19:26,C100554,2026-01-19,プラチナ,スマホ,ファッション,UNIWEAR,LuxeMode,ファ-8331,6450,2,12900,6616,Push通知,クーポン,1500,なし
ORD500954,2026-01-19,2026-01-19 14:37:51,C100662,2024-12-17,シルバー,スマホ,家電,Panafit,EcoWave,家電-6213,64600,2,129200,103574,SNS,なし,0,週末タイムセール
ORD500652,2026-01-19,2026-01-19 16:37:04,C100666,2025-09-14,シルバー,PC,スポーツ,ActiveOne,OutFieldr,スポ-7112,20760,2,41520,24855,Google広告,なし,0,週末タイムセール
ORD500286,2026-01-19,2026-01-19 17:22:00,C100397,2025-03-20,ブロンズ,タブレット,美容,NaturaSkin,ピュアケア,美容-3785,6170,1,6170,3343,Push通知,なし,0,なし
ORD501323,2026-01-19,2026-01-19 17:33:32,C100265,2025-10-30,シルバー,スマホ,ファッション,UNIWEAR,CasualX,ファ-5145,15580,2,31160,18006,Google広告,なし,0,新春セール
ORD500695,2026-01-19,2026-01-19 17:37:01,C100031,2025-04-07,プラチナ,スマホ,美容,BeautéJP,ピュアケア,美容-4635,6460,3,19380,6978,Google広告,クーポン,1500,なし
ORD501254,2026-01-19,2026-01-19 18:09:46,C100100,2026-01-19,ブロンズ,PC,家電,東芝ライク,ProLine,家電-2638,8900,1,8900,6774,Google広告,なし,0,送料無料キャンペーン
ORD501278,2026-01-19,2026-01-19 18:41:02,C100199,2026-01-19,ブロンズ,スマホ,スポーツ,RunPro,FlexCore,スポ-1182,30100,1,30100,20857,自然検索,なし,0,週末タイムセール
ORD500758,2026-01-19,2026-01-19 19:40:10,C100656,2026-01-19,ゴールド,PC,ファッション,UNIWEAR,DailyFit,ファ-9966,15330,1,15330,8802,Push通知,クーポン,300,新春セール
ORD500267,2026-01-20,2026-01-20 10:45:41,C100167,2025-03-03,シルバー,PC,ファッション,ModeJP,DailyFit,ファ-2021,14650,2,29300,16493,SNS,ポイント,711,なし
ORD500425,2026-01-20,2026-01-20 10:51:10,C100023,2026-01-20,ブロンズ,PC,食品,GreenFarm,毎日おいしい,食品-9480,1480,2,2960,2002,Google広告,なし,0,なし
ORD500749,2026-01-20,2026-01-20 12:27:18,C100275,2025-09-02,ブロンズ,スマホ,ファッション,ModeJP,LuxeMode,ファ-1971,19980,3,59940,33510,メルマガ,なし,0,なし
ORD500378,2026-01-20,2026-01-20 14:17:14,C100150,2026-01-20,シルバー,PC,食品,GreenFarm,毎日おいしい,食品-3535,6930,3,20790,14637,SNS,なし,0,なし
ORD500649,2026-01-20,2026-01-20 16:13:35,C100264,2026-01-20,ブロンズ,PC,ファッション,StreetCo,CasualX,ファ-1677,7930,2,15860,8453,自然検索,ポイント,925,なし
ORD500755,2026-01-20,2026-01-20 17:45:57,C100432,2026-01-20,シルバー,スマホ,美容,GlowLab,モイスト+,美容-4055,10570,1,10570,5197,Google広告,なし,0,なし
ORD500007,2026-01-20,2026-01-20 19:05:07,C100683,2026-01-20,ゴールド,PC,ファッション,UNIWEAR,LuxeMode,ファ-2600,11480,1,11480,5344,LINE,なし,0,週末タイムセール
ORD500612,2026-01-20,2026-01-20 19:56:56,C100076,2025-06-06,ブロンズ,スマホ,家電,Panafit,ProLine,家電-7192,64050,1,64050,47343,自然検索,なし,0,母の日特集
ORD500595,2026-01-20,2026-01-20 23:15:26,C100031,2025-04-07,プラチナ,PC,美容,NaturaSkin,ピュアケア,美容-8500,10080,1,10080,3666,自然検索,なし,0,母の日特集
ORD501139,2026-01-21,2026-01-21 08:12:43,C100408,2026-01-21,ブロンズ,PC,ファッション,StreetCo,CasualX,ファ-2108,15910,1,15910,6413,LINE,クーポン,500,送料無料キャンペーン
ORD501112,2026-01-21,2026-01-21 10:02:14,C100555,2025-09-15,シルバー,PC,食品,和ごころ,毎日おいしい,食品-9330,2720,2,5440,3818,メルマガ,クーポン,500,なし
ORD500506,2026-01-21,2026-01-21 10:39:24,C100059,2025-12-28,プラチナ,タブレット,ファッション,UNIWEAR,CasualX,ファ-9835,24110,1,24110,12895,自然検索,なし,0,なし
ORD500633,2026-01-21,2026-01-21 12:58:58,C100591,2026-01-21,ゴールド,PC,食品,GreenFarm,ご褒美グルメ,食品-7712,7320,2,14640,9347,メルマガ,ポイント,827,母の日特集
ORD501183,2026-01-21,2026-01-21 20:48:59,C100615,2025-12-02,シルバー,PC,家電,SonyTech,AlphaGear,家電-5623,78160,2,156320,124872,メルマガ,なし,0,週末タイムセール
ORD500685,2026-01-21,2026-01-21 21:44:27,C100113,2025-08-20,ブロンズ,スマホ,ファッション,UNIWEAR,DailyFit,ファ-4667,2590,1,2590,1106,Google広告,ポイント,141,新春セール
ORD501200,2026-01-22,2026-01-22 07:29:42,C100139,2025-08-07,シルバー,スマホ,家電,SonyTech,EcoWave,家電-2527,24440,1,24440,17280,自然検索,なし,0,なし
ORD501133,2026-01-22,2026-01-22 16:16:19,C100256,2025-12-25,ゴールド,スマホ,食品,和ごころ,産直便,食品-9928,5530,1,5530,3511,自然検索,ポイント,153,送料無料キャンペーン
ORD501162,2026-01-22,2026-01-22 17:19:43,C100591,2026-01-22,ゴールド,スマホ,家電,Panafit,EcoWave,家電-6191,29750,1,29750,21088,Push通知,なし,0,なし
ORD501147,2026-01-22,2026-01-22 19:11:50,C100386,2025-01-05,ブロンズ,PC,美容,GlowLab,モイスト+,美容-6737,4760,2,9520,3640,メルマガ,ポイント,283,新春セール
ORD500327,2026-01-22,2026-01-22 21:40:06,C100285,2026-01-22,ブロンズ,スマホ,ファッション,ModeJP,DailyFit,ファ-7554,7980,2,15960,8062,自然検索,なし,0,母の日特集
ORD501220,2026-01-22,2026-01-22 21:52:24,C100109,2026-01-09,シルバー,タブレット,食品,旨味屋,毎日おいしい,食品-7461,1850,1,1850,1290,メルマガ,なし,0,なし
ORD500931,2026-01-22,2026-01-22 22:02:05,C100666,2025-09-14,シルバー,スマホ,美容,NaturaSkin,ラディア,美容-2419,9790,1,9790,5300,SNS,なし,0,送料無料キャンペーン
ORD500947,2026-01-23,2026-01-23 00:47:18,C100483,2026-01-23,シルバー,スマホ,ファッション,StreetCo,LuxeMode,ファ-5218,16260,1,16260,9099,Google広告,ポイント,425,なし
ORD500349,2026-01-23,2026-01-23 06:14:11,C100422,2026-01-23,シルバー,スマホ,食品,旨味屋,ご褒美グルメ,食品-5754,4010,2,8020,5552,メルマガ,なし,0,週末タイムセール
ORD501099,2026-01-23,2026-01-23 06:23:59,C100362,2025-04-05,ゴールド,スマホ,ファッション,UNIWEAR,DailyFit,ファ-9219,3980,1,3980,2224,Google広告,ポイント,170,送料無料キャンペーン
ORD500854,2026-01-23,2026-01-23 10:44:45,C100572,2025-05-09,シルバー,PC,家電,SonyTech,EcoWave,家電-9151,19300,3,57900,46194,自然検索,なし,0,なし
ORD500699,2026-01-23,2026-01-23 11:44:26,C100094,2026-01-23,ブロンズ,PC,食品,和ごころ,産直便,食品-7719,4610,1,4610,3416,メルマガ,なし,0,なし
ORD500178,2026-01-23,2026-01-23 12:46:58,C100084,2025-11-27,ブロンズ,スマホ,家電,東芝ライク,AlphaGear,家電-7433,8980,2,17960,13239,自然検索,なし,0,新春セール
ORD500305,2026-01-23,2026-01-23 16:27:09,C100202,2025-09-10,ブロンズ,スマホ,スポーツ,FieldMax,OutFieldr,スポ-5092,8200,1,8200,5028,LINE,なし,0,週末タイムセール
ORD500818,2026-01-23,2026-01-23 16:53:34,C100024,2026-01-23,ブロンズ,スマホ,美容,GlowLab,ラディア,美容-5820,5530,1,5530,2642,LINE,なし,0,送料無料キャンペーン
ORD500873,2026-01-23,2026-01-23 17:18:03,C100201,2026-01-23,ブロンズ,PC,食品,GreenFarm,毎日おいしい,食品-5178,4100,1,4100,2870,自然検索,なし,0,なし
ORD500529,2026-01-23,2026-01-23 17:24:19,C100217,2025-01-21,ブロンズ,スマホ,家電,東芝ライク,EcoWave,家電-1228,77750,1,77750,60704,自然検索,なし,0,送料無料キャンペーン
ORD501214,2026-01-23,2026-01-23 18:00:27,C100140,2026-01-23,シルバー,PC,食品,旨味屋,毎日おいしい,食品-5220,4460,2,8920,5512,LINE,ポイント,197,新春セール
ORD501300,2026-01-23,2026-01-23 18:01:27,C100247,2025-07-26,シルバー,スマホ,ファッション,StreetCo,LuxeMode,ファ-4409,19750,1,19750,8281,Push通知,なし,0,新春セール
ORD501051,2026-01-24,2026-01-24 09:20:06,C100365,2025-09-23,ブロンズ,スマホ,スポーツ,FieldMax,SpeedFit,スポ-2554,31550,2,63100,40371,自然検索,ポイント,2898,なし
ORD500372,2026-01-24,2026-01-24 12:44:32,C100464,2024-11-30,ブロンズ,PC,家電,Panafit,AlphaGear,家電-6169,42540,2,85080,67983,自然検索,クーポン,1000,なし
ORD500434,2026-01-24,2026-01-24 17:15:46,C100427,2026-01-24,ブロンズ,スマホ,美容,BeautéJP,ピュアケア,美容-8905,4470,2,8940,4838,LINE,なし,0,なし
ORD501372,2026-01-24,2026-01-24 17:31:41,C100135,2025-05-22,ブロンズ,スマホ,スポーツ,ActiveOne,SpeedFit,スポ-7478,2390,1,2390,1519,自然検索,なし,0,なし
ORD501093,2026-01-24,2026-01-24 18:48:16,C100684,2025-03-05,ブロンズ,スマホ,ファッション,ModeJP,DailyFit,ファ-2230,24960,2,49920,27741,メルマガ,ポイント,1000,なし
ORD500678,2026-01-24,2026-01-24 19:40:33,C100088,2026-01-24,シルバー,スマホ,美容,NaturaSkin,ラディア,美容-7733,1710,3,5130,2343,自然検索,なし,0,なし
ORD500060,2026-01-25,2026-01-25 08:05:22,C100049,2026-01-25,ブロンズ,PC,スポーツ,ActiveOne,SpeedFit,スポ-1270,7030,2,14060,8618,Push通知,ポイント,813,なし
ORD500452,2026-01-25,2026-01-25 09:18:12,C100074,2025-12-30,シルバー,スマホ,食品,旨味屋,毎日おいしい,食品-2751,1640,2,3280,1987,メルマガ,なし,0,なし
ORD500843,2026-01-25,2026-01-25 11:39:42,C100365,2025-09-23,ブロンズ,スマホ,美容,BeautéJP,モイスト+,美容-5442,3270,3,9810,4654,SNS,なし,0,週末タイムセール
ORD500812,2026-01-25,2026-01-25 14:45:09,C100334,2025-08-20,シルバー,スマホ,家電,Panafit,EcoWave,家電-5975,79400,1,79400,62982,自然検索,ポイント,2993,なし
ORD501339,2026-01-25,2026-01-25 14:56:08,C100093,2025-07-09,ブロンズ,スマホ,家電,SonyTech,ProLine,家電-6068,69260,3,207780,165419,Push通知,なし,0,母の日特集
ORD500012,2026-01-25,2026-01-25 20:57:58,C100668,2026-01-25,ブロンズ,PC,家電,東芝ライク,ProLine,家電-2986,39430,2,78860,61930,メルマガ,ポイント,4257,母の日特集
ORD501161,2026-01-25,2026-01-25 21:46:58,C100590,2026-01-25,ブロンズ,スマホ,ファッション,ModeJP,LuxeMode,ファ-8111,12850,1,12850,5598,メルマガ,ポイント,301,なし
ORD500307,2026-01-26,2026-01-26 06:20:45,C100237,2025-08-04,ブロンズ,スマホ,スポーツ,FieldMax,SpeedFit,スポ-4130,2920,1,2920,1846,Google広告,クーポン,1460,母の日特集
ORD500941,2026-01-26,2026-01-26 09:00:08,C100103,2024-12-01,ブロンズ,スマホ,家電,Panafit,ProLine,家電-3603,13490,2,26980,20885,自然検索,なし,0,なし
ORD500508,2026-01-26,2026-01-26 13:03:07,C100567,2025-04-20,ブロンズ,スマホ,美容,NaturaSkin,ラディア,美容-4154,8370,1,8370,3490,Google広告,なし,0,週末タイムセール
ORD500672,2026-01-26,2026-01-26 15:14:29,C100020,2025-09-13,ゴールド,PC,家電,東芝ライク,EcoWave,家電-8335,12100,3,36300,26734,Google広告,なし,0,週末タイムセール
ORD500485,2026-01-26,2026-01-26 16:37:30,C100540,2026-01-12,ブロンズ,PC,家電,SonyTech,ProLine,家電-9566,15170,1,15170,11231,Google広告,なし,0,週末タイムセール
ORD501369,2026-01-26,2026-01-26 18:48:27,C100042,2026-01-07,シルバー,スマホ,ファッション,ModeJP,CasualX,ファ-4082,7220,2,14440,6871,自然検索,なし,0,母の日特集
ORD500667,2026-01-26,2026-01-26 19:29:41,C100660,2025-03-09,シルバー,タブレット,美容,BeautéJP,モイスト+,美容-5037,8560,1,8560,4203,Google広告,なし,0,なし
ORD500451,2026-01-26,2026-01-26 22:07:23,C100141,2025-03-31,シルバー,スマホ,家電,Panafit,ProLine,家電-9866,27550,1,27550,20604,自然検索,ポイント,1862,週末タイムセール
ORD500041,2026-01-27,2026-01-27 07:25:28,C100168,2025-06-08,ブロンズ,スマホ,美容,GlowLab,ピュアケア,美容-8334,4660,1,4660,1798,Google広告,なし,0,なし
ORD501324,2026-01-27,2026-01-27 10:22:07,C100459,2025-01-27,プラチナ,PC,ファッション,UNIWEAR,DailyFit,ファ-7092,20500,2,41000,17096,Push通知,なし,0,なし
ORD500613,2026-01-27,2026-01-27 10:23:34,C100324,2026-01-27,シルバー,スマホ,美容,GlowLab,ピュアケア,美容-5084,12820,1,12820,6100,Push通知,クーポン,1000,なし
ORD501186,2026-01-27,2026-01-27 10:39:47,C100389,2025-02-23,ブロンズ,スマホ,スポーツ,RunPro,FlexCore,スポ-7405,36300,2,72600,41790,メルマガ,なし,0,母の日特集
ORD500906,2026-01-27,2026-01-27 10:44:22,C100141,2025-03-31,シルバー,スマホ,ファッション,ModeJP,CasualX,ファ-6840,12950,1,12950,7704,Google広告,なし,0,送料無料キャンペーン
ORD500860,2026-01-27,2026-01-27 11:05:06,C100205,2025-04-30,ブロンズ,PC,美容,BeautéJP,ラディア,美容-5064,13750,1,13750,4829,Push通知,なし,0,新春セール
ORD500951,2026-01-27,2026-01-27 13:59:19,C100009,2025-01-20,シルバー,PC,食品,和ごころ,産直便,食品-4157,3380,3,10140,6847,Google広告,なし,0,なし
ORD500340,2026-01-27,2026-01-27 15:22:17,C100289,2025-08-28,ゴールド,スマホ,ファッション,ModeJP,CasualX,ファ-5551,15540,3,46620,25890,自然検索,なし,0,母の日特集
ORD501050,2026-01-27,2026-01-27 17:03:27,C100244,2025-11-26,ブロンズ,スマホ,美容,NaturaSkin,ピュアケア,美容-9544,7780,1,7780,4025,自然検索,なし,0,週末タイムセール
ORD500944,2026-01-27,2026-01-27 18:42:36,C100046,2025-08-12,ゴールド,スマホ,ファッション,ModeJP,DailyFit,ファ-7495,13480,1,13480,6445,SNS,なし,0,なし
ORD500745,2026-01-28,2026-01-28 00:18:47,C100231,2026-01-28,シルバー,スマホ,スポーツ,ActiveOne,FlexCore,スポ-1395,37150,2,74300,44692,自然検索,なし,0,週末タイムセール
ORD501007,2026-01-28,2026-01-28 10:21:03,C100489,2025-11-13,シルバー,PC,家電,Panafit,AlphaGear,家電-4554,9740,2,19480,14000,自然検索,なし,0,なし
ORD500864,2026-01-28,2026-01-28 10:57:20,C100043,2025-06-20,シルバー,スマホ,ファッション,StreetCo,DailyFit,ファ-5694,4470,1,4470,2408,メルマガ,なし,0,なし
ORD500271,2026-01-28,2026-01-28 14:30:57,C100648,2026-01-28,プラチナ,PC,スポーツ,ActiveOne,FlexCore,スポ-8988,18520,1,18520,10695,Google広告,ポイント,939,週末タイムセール
ORD500089,2026-01-28,2026-01-28 18:42:41,C100694,2025-01-18,ブロンズ,スマホ,ファッション,ModeJP,DailyFit,ファ-2005,13700,2,27400,15465,SNS,ポイント,571,なし
ORD500750,2026-01-28,2026-01-28 18:58:41,C100023,2026-01-28,ブロンズ,スマホ,美容,NaturaSkin,モイスト+,美容-7751,2460,2,4920,2215,Push通知,なし,0,なし
ORD500791,2026-01-28,2026-01-28 18:59:38,C100335,2026-01-28,ブロンズ,スマホ,食品,旨味屋,ご褒美グルメ,食品-1207,1970,1,1970,1324,SNS,なし,0,なし
ORD501100,2026-01-28,2026-01-28 19:14:38,C100391,2025-03-10,ブロンズ,スマホ,美容,GlowLab,ピュアケア,美容-7211,13850,1,13850,6047,Google広告,なし,0,なし
ORD501203,2026-01-29,2026-01-29 07:31:43,C100025,2025-12-05,ブロンズ,スマホ,スポーツ,RunPro,FlexCore,スポ-2695,21810,1,21810,14625,SNS,なし,0,なし
ORD501251,2026-01-29,2026-01-29 18:05:23,C100691,2026-01-29,シルバー,スマホ,ファッション,UNIWEAR,CasualX,ファ-2090,11090,3,33270,15613,Google広告,なし,0,なし
ORD501008,2026-01-29,2026-01-29 19:08:32,C100151,2025-05-09,ゴールド,PC,家電,SonyTech,EcoWave,家電-9030,49820,3,149460,110133,自然検索,クーポン,500,なし
ORD500419,2026-01-29,2026-01-29 20:23:45,C100679,2026-01-29,ブロンズ,PC,家電,東芝ライク,AlphaGear,家電-6634,44620,1,44620,36274,Push通知,なし,0,送料無料キャンペーン
ORD500052,2026-01-30,2026-01-30 10:31:03,C100600,2025-11-19,シルバー,スマホ,ファッション,StreetCo,DailyFit,ファ-6569,14130,2,28260,16231,LINE,ポイント,2156,週末タイムセール
ORD500314,2026-01-30,2026-01-30 11:26:32,C100461,2025-02-16,ブロンズ,スマホ,食品,和ごころ,毎日おいしい,食品-5935,5900,1,5900,4073,Google広告,なし,0,なし
ORD501213,2026-01-30,2026-01-30 12:19:08,C100036,2026-01-30,シルバー,PC,美容,GlowLab,ピュアケア,美容-8164,7320,2,14640,7341,Google広告,なし,0,なし
ORD501289,2026-01-30,2026-01-30 14:31:55,C100671,2025-11-18,シルバー,PC,スポーツ,FieldMax,FlexCore,スポ-4432,30880,2,61760,34299,SNS,なし,0,新春セール
ORD500759,2026-01-30,2026-01-30 19:52:43,C100632,2025-08-05,シルバー,スマホ,スポーツ,ActiveOne,OutFieldr,スポ-9476,15230,3,45690,27718,Google広告,なし,0,なし
ORD500197,2026-01-30,2026-01-30 22:01:17,C100097,2025-12-27,シルバー,スマホ,スポーツ,FieldMax,OutFieldr,スポ-6010,21660,1,21660,12936,SNS,なし,0,なし
ORD500614,2026-01-31,2026-01-31 10:18:30,C100383,2025-04-15,ブロンズ,タブレット,スポーツ,ActiveOne,FlexCore,スポ-7692,13620,2,27240,18919,自然検索,なし,0,週末タイムセール
ORD500693,2026-01-31,2026-01-31 11:49:00,C100240,2025-02-16,ゴールド,スマホ,美容,GlowLab,ラディア,美容-3888,15060,1,15060,6659,Google広告,クーポン,300,送料無料キャンペーン
ORD500142,2026-01-31,2026-01-31 12:11:33,C100023,2026-01-31,ブロンズ,PC,ファッション,ModeJP,LuxeMode,ファ-5139,20280,1,20280,10020,自然検索,ポイント,1105,なし
ORD500352,2026-01-31,2026-01-31 14:52:14,C100098,2025-12-01,ブロンズ,スマホ,スポーツ,FieldMax,SpeedFit,スポ-4642,23930,1,23930,15405,自然検索,なし,0,なし
ORD500952,2026-01-31,2026-01-31 16:50:02,C100327,2024-12-18,シルバー,スマホ,美容,NaturaSkin,モイスト+,美容-4419,8160,1,8160,3896,自然検索,なし,0,なし
ORD500988,2026-01-31,2026-01-31 17:12:51,C100590,2026-01-31,ブロンズ,スマホ,家電,東芝ライク,EcoWave,家電-9840,29420,2,58840,45849,自然検索,クーポン,500,なし
ORD500401,2026-01-31,2026-01-31 19:06:06,C100437,2026-01-31,ブロンズ,スマホ,食品,GreenFarm,ご褒美グルメ,食品-5669,5540,2,11080,7622,メルマガ,ポイント,727,母の日特集
ORD501057,2026-01-31,2026-01-31 20:59:15,C100500,2025-01-31,ブロンズ,スマホ,家電,Panafit,AlphaGear,家電-3485,64130,1,64130,47443,自然検索,ポイント,2907,週末タイムセール
ORD500826,2026-02-01,2026-02-01 14:10:44,C100197,2025-02-03,ブロンズ,PC,食品,GreenFarm,ご褒美グルメ,食品-3808,4580,3,13740,9412,Google広告,ポイント,309,なし
ORD500070,2026-02-01,2026-02-01 17:30:24,C100285,2026-02-01,ブロンズ,スマホ,美容,GlowLab,モイスト+,美容-4816,6750,2,13500,6915,Google広告,クーポン,300,母の日特集
ORD500269,2026-02-01,2026-02-01 19:42:04,C100390,2026-02-01,ブロンズ,スマホ,ファッション,UNIWEAR,CasualX,ファ-8812,12340,2,24680,11573,Google広告,ポイント,1719,母の日特集
ORD500002,2026-02-01,2026-02-01 20:56:19,C100225,2025-05-23,シルバー,PC,食品,和ごころ,産直便,食品-4984,5350,2,10700,7633,SNS,クーポン,500,送料無料キャンペーン
ORD500778,2026-02-01,2026-02-01 21:18:14,C100287,2025-10-24,シルバー,スマホ,ファッション,StreetCo,CasualX,ファ-6155,21160,1,21160,12415,Google広告,なし,0,なし
ORD500250,2026-02-02,2026-02-02 09:03:29,C100558,2026-02-02,ブロンズ,スマホ,家電,SonyTech,AlphaGear,家電-6509,25030,1,25030,20007,メルマガ,クーポン,1000,なし
ORD500075,2026-02-02,2026-02-02 10:02:34,C100318,2026-02-02,ブロンズ,タブレット,ファッション,UNIWEAR,DailyFit,ファ-2257,20870,2,41740,23363,自然検索,クーポン,1500,送料無料キャンペーン
ORD500777,2026-02-02,2026-02-02 12:12:18,C100393,2025-11-09,ブロンズ,スマホ,家電,東芝ライク,EcoWave,家電-4500,65230,1,65230,46204,SNS,ポイント,5148,母の日特集
ORD501242,2026-02-02,2026-02-02 15:08:32,C100450,2026-02-02,シルバー,タブレット,ファッション,ModeJP,LuxeMode,ファ-3487,13460,1,13460,6171,自然検索,なし,0,なし
ORD500543,2026-02-02,2026-02-02 15:26:16,C100248,2026-02-02,プラチナ,スマホ,スポーツ,RunPro,OutFieldr,スポ-5525,11990,3,35970,22211,LINE,ポイント,1353,なし
ORD500388,2026-02-02,2026-02-02 18:29:02,C100126,2025-01-11,ブロンズ,スマホ,ファッション,ModeJP,DailyFit,ファ-8171,16310,2,32620,17122,メルマガ,ポイント,1097,なし
ORD500318,2026-02-02,2026-02-02 18:31:51,C100355,2026-02-02,シルバー,PC,スポーツ,RunPro,OutFieldr,スポ-1259,2600,1,2600,1625,メルマガ,なし,0,なし
ORD500841,2026-02-02,2026-02-02 19:34:02,C100504,2025-05-04,ブロンズ,スマホ,スポーツ,FieldMax,FlexCore,スポ-7678,14760,1,14760,8544,Push通知,ポイント,595,週末タイムセール
ORD500344,2026-02-02,2026-02-02 19:36:56,C100037,2026-02-02,プラチナ,スマホ,食品,和ごころ,産直便,食品-6038,3000,1,3000,2001,自然検索,なし,0,なし
ORD501083,2026-02-03,2026-02-03 08:09:21,C100428,2024-12-11,ゴールド,スマホ,美容,GlowLab,ピュアケア,美容-8353,16480,1,16480,7662,Push通知,クーポン,500,なし
ORD500932,2026-02-03,2026-02-03 13:07:29,C100631,2025-06-04,ゴールド,PC,美容,BeautéJP,ピュアケア,美容-1040,12600,3,37800,14992,自然検索,ポイント,1102,なし
ORD500852,2026-02-03,2026-02-03 19:05:56,C100168,2025-06-08,ブロンズ,スマホ,ファッション,ModeJP,DailyFit,ファ-3119,24400,1,24400,10102,SNS,クーポン,1500,なし
ORD500781,2026-02-03,2026-02-03 19:18:32,C100592,2025-04-15,ブロンズ,スマホ,ファッション,StreetCo,DailyFit,ファ-4866,17140,1,17140,8830,SNS,なし,0,新春セール
ORD500053,2026-02-03,2026-02-03 19:31:02,C100574,2024-12-01,ブロンズ,スマホ,美容,NaturaSkin,ピュアケア,美容-4812,3170,3,9510,4274,メルマガ,なし,0,週末タイムセール
ORD500555,2026-02-03,2026-02-03 20:43:32,C100223,2025-03-24,ゴールド,スマホ,美容,NaturaSkin,ピュアケア,美容-7098,3510,3,10530,5675,SNS,クーポン,500,週末タイムセール
ORD500295,2026-02-03,2026-02-03 23:01:41,C100345,2025-04-24,シルバー,PC,ファッション,ModeJP,DailyFit,ファ-7344,24530,1,24530,11158,自然検索,なし,0,なし
ORD501398,2026-02-04,2026-02-04 06:20:49,C100661,2026-01-27,シルバー,スマホ,家電,東芝ライク,ProLine,家電-9887,44940,2,89880,71788,自然検索,なし,0,週末タイムセール
ORD500957,2026-02-04,2026-02-04 10:11:04,C100388,2026-02-04,ブロンズ,スマホ,美容,GlowLab,モイスト+,美容-3290,2230,2,4460,2076,メルマガ,ポイント,175,なし
ORD501382,2026-02-04,2026-02-04 12:14:39,C100651,2025-12-10,シルバー,PC,美容,GlowLab,ラディア,美容-1610,17250,2,34500,17288,自然検索,ポイント,1597,なし
ORD500151,2026-02-04,2026-02-04 14:47:32,C100306,2025-05-21,ゴールド,スマホ,ファッション,StreetCo,DailyFit,ファ-4334,15310,3,45930,26968,Google広告,ポイント,1956,週末タイムセール
ORD500040,2026-02-04,2026-02-04 19:52:10,C100495,2025-07-24,ゴールド,スマホ,家電,東芝ライク,ProLine,家電-8087,39830,2,79660,62707,自然検索,なし,0,母の日特集
ORD500696,2026-02-04,2026-02-04 20:06:04,C100392,2025-06-27,ゴールド,スマホ,ファッション,UNIWEAR,DailyFit,ファ-9426,11020,1,11020,5062,自然検索,なし,0,なし
ORD501069,2026-02-04,2026-02-04 20:15:18,C100405,2025-09-13,ブロンズ,スマホ,食品,旨味屋,ご褒美グルメ,食品-2109,920,2,1840,1363,SNS,なし,0,なし
ORD500432,2026-02-05,2026-02-05 21:34:50,C100456,2025-02-20,シルバー,スマホ,食品,和ごころ,産直便,食品-9726,3280,1,3280,1977,Google広告,なし,0,なし
ORD500023,2026-02-06,2026-02-06 00:27:34,C100550,2026-02-06,シルバー,スマホ,ファッション,StreetCo,CasualX,ファ-9894,10260,3,30780,16804,LINE,なし,0,なし
ORD500454,2026-02-06,2026-02-06 07:54:01,C100198,2025-06-11,ゴールド,タブレット,ファッション,UNIWEAR,DailyFit,ファ-5199,23290,1,23290,12059,自然検索,なし,0,新春セール
ORD500710,2026-02-06,2026-02-06 11:56:36,C100560,2025-10-04,ゴールド,PC,食品,旨味屋,産直便,食品-1599,1790,2,3580,2589,SNS,なし,0,なし
ORD501282,2026-02-06,2026-02-06 14:49:52,C100305,2025-02-16,ブロンズ,スマホ,スポーツ,RunPro,FlexCore,スポ-5651,11200,1,11200,7608,自然検索,クーポン,1500,送料無料キャンペーン
ORD500390,2026-02-06,2026-02-06 16:07:07,C100031,2025-04-07,プラチナ,スマホ,食品,旨味屋,ご褒美グルメ,食品-3314,5110,3,15330,9986,Push通知,ポイント,872,なし
ORD500900,2026-02-06,2026-02-06 20:18:48,C100698,2024-12-26,ゴールド,スマホ,美容,NaturaSkin,ラディア,美容-2855,17370,2,34740,18285,Google広告,なし,0,なし
ORD501117,2026-02-06,2026-02-06 21:32:56,C100560,2025-10-04,ゴールド,スマホ,スポーツ,ActiveOne,FlexCore,スポ-2834,17330,3,51990,31027,メルマガ,なし,0,なし
ORD500587,2026-02-06,2026-02-06 22:13:59,C100391,2025-03-10,ブロンズ,PC,スポーツ,FieldMax,SpeedFit,スポ-4602,2980,2,5960,3544,LINE,なし,0,新春セール
ORD500569,2026-02-06,2026-02-06 22:27:41,C100642,2026-02-06,ゴールド,PC,食品,和ごころ,ご褒美グルメ,食品-3151,3410,2,6820,4603,Google広告,なし,0,母の日特集
ORD500638,2026-02-06,2026-02-06 23:17:27,C100463,2025-07-28,シルバー,PC,ファッション,StreetCo,DailyFit,ファ-1310,19010,2,38020,21577,LINE,なし,0,なし
ORD500969,2026-02-07,2026-02-07 08:13:12,C100681,2025-02-14,シルバー,スマホ,食品,GreenFarm,産直便,食品-9446,5780,1,5780,3758,LINE,なし,0,新春セール
ORD500711,2026-02-07,2026-02-07 11:11:09,C100268,2025-11-17,ブロンズ,スマホ,ファッション,StreetCo,CasualX,ファ-2811,21000,2,42000,20528,メルマガ,なし,0,なし
ORD501042,2026-02-07,2026-02-07 11:20:27,C100441,2025-05-20,ブロンズ,PC,家電,SonyTech,AlphaGear,家電-6930,23390,1,23390,18483,SNS,ポイント,1163,週末タイムセール
ORD500643,2026-02-07,2026-02-07 11:55:59,C100240,2025-02-16,ゴールド,スマホ,家電,東芝ライク,ProLine,家電-6908,35500,1,35500,26176,Push通知,なし,0,なし
ORD501082,2026-02-07,2026-02-07 12:31:11,C100007,2026-01-05,ゴールド,スマホ,スポーツ,RunPro,FlexCore,スポ-3849,12970,2,25940,14804,Push通知,なし,0,なし
ORD500573,2026-02-07,2026-02-07 18:21:05,C100288,2025-10-07,ゴールド,スマホ,食品,和ごころ,産直便,食品-4037,2630,1,2630,1689,Push通知,ポイント,104,なし
ORD500444,2026-02-07,2026-02-07 18:50:05,C100053,2025-08-24,ブロンズ,PC,美容,GlowLab,ピュアケア,美容-4144,1790,2,3580,1857,自然検索,ポイント,276,なし
ORD501302,2026-02-07,2026-02-07 20:45:20,C100245,2025-01-14,ブロンズ,スマホ,スポーツ,ActiveOne,FlexCore,スポ-2313,6980,1,6980,4557,SNS,ポイント,430,なし
ORD500560,2026-02-07,2026-02-07 22:54:22,C100697,2025-11-04,ゴールド,スマホ,食品,GreenFarm,産直便,食品-5725,6920,2,13840,8648,メルマガ,なし,0,なし
ORD500331,2026-02-08,2026-02-08 01:14:00,C100259,2025-11-02,ブロンズ,スマホ,ファッション,ModeJP,DailyFit,ファ-6559,16090,2,32180,18852,Push通知,なし,0,なし
ORD500910,2026-02-08,2026-02-08 06:14:57,C100317,2026-01-22,プラチナ,スマホ,美容,BeautéJP,ピュアケア,美容-3166,14370,1,14370,5905,Google広告,なし,0,なし
ORD501368,2026-02-08,2026-02-08 08:36:05,C100458,2026-02-08,シルバー,タブレット,美容,GlowLab,ピュアケア,美容-7335,2570,1,2570,1230,Push通知,ポイント,149,なし
ORD500510,2026-02-08,2026-02-08 09:16:58,C100229,2025-03-09,ブロンズ,スマホ,ファッション,StreetCo,LuxeMode,ファ-5824,21160,1,21160,9835,Google広告,なし,0,なし
ORD501135,2026-02-08,2026-02-08 11:51:13,C100350,2025-10-02,ブロンズ,PC,食品,GreenFarm,毎日おいしい,食品-4555,6670,2,13340,9818,Push通知,ポイント,831,なし
ORD500143,2026-02-08,2026-02-08 12:45:28,C100547,2025-11-04,ブロンズ,PC,家電,東芝ライク,AlphaGear,家電-7936,41270,3,123810,98177,自然検索,ポイント,8696,週末タイムセール
ORD500281,2026-02-08,2026-02-08 18:10:43,C100136,2025-11-11,シルバー,タブレット,スポーツ,ActiveOne,SpeedFit,スポ-9629,21830,2,43660,29088,Push通知,なし,0,なし
ORD501132,2026-02-08,2026-02-08 18:36:41,C100159,2026-02-08,ブロンズ,スマホ,美容,NaturaSkin,ラディア,美容-8144,1690,3,5070,2707,LINE,なし,0,なし
ORD500016,2026-02-08,2026-02-08 20:10:19,C100240,2025-02-16,ゴールド,タブレット,家電,Panafit,ProLine,家電-4215,29350,1,29350,21917,Push通知,なし,0,なし
ORD500104,2026-02-09,2026-02-09 10:41:05,C100346,2026-02-09,シルバー,スマホ,美容,GlowLab,ピュアケア,美容-2797,5820,1,5820,2070,Google広告,ポイント,329,なし
ORD500422,2026-02-09,2026-02-09 16:27:23,C100579,2025-01-24,シルバー,スマホ,家電,Panafit,AlphaGear,家電-3395,36490,2,72980,56062,Push通知,なし,0,なし
ORD500227,2026-02-09,2026-02-09 18:15:57,C100557,2026-02-09,ブロンズ,スマホ,ファッション,ModeJP,DailyFit,ファ-5167,5940,1,5940,2957,LINE,なし,0,週末タイムセール
ORD500915,2026-02-09,2026-02-09 19:10:02,C100126,2025-01-11,ブロンズ,タブレット,食品,旨味屋,産直便,食品-6324,6620,2,13240,8754,Google広告,クーポン,1500,なし
ORD500274,2026-02-09,2026-02-09 19:24:24,C100144,2026-02-09,ゴールド,スマホ,食品,GreenFarm,ご褒美グルメ,食品-5796,2950,2,5900,4007,Google広告,ポイント,471,なし
ORD500206,2026-02-09,2026-02-09 19:40:47,C100146,2024-12-17,ブロンズ,PC,ファッション,UNIWEAR,LuxeMode,ファ-9932,1550,3,4650,2223,LINE,なし,0,母の日特集
ORD500057,2026-02-09,2026-02-09 20:45:01,C100588,2026-02-09,ゴールド,スマホ,スポーツ,RunPro,FlexCore,スポ-1457,15670,2,31340,20727,Push通知,クーポン,300,なし
ORD501338,2026-02-09,2026-02-09 21:59:05,C100183,2026-01-04,シルバー,PC,家電,東芝ライク,EcoWave,家電-3964,25600,1,25600,20358,LINE,なし,0,送料無料キャンペーン
ORD500634,2026-02-10,2026-02-10 09:47:21,C100474,2025-11-29,ゴールド,スマホ,美容,NaturaSkin,ピュアケア,美容-9188,15890,3,47670,23894,自然検索,クーポン,500,なし
ORD501006,2026-02-10,2026-02-10 12:54:07,C100185,2025-08-12,ブロンズ,PC,ファッション,StreetCo,CasualX,ファ-7724,21360,1,21360,10194,Google広告,ポイント,1411,新春セール
ORD501104,2026-02-10,2026-02-10 13:05:03,C100366,2025-08-26,シルバー,スマホ,家電,東芝ライク,EcoWave,家電-7151,26340,1,26340,20094,Google広告,なし,0,新春セール
ORD500045,2026-02-10,2026-02-10 13:44:16,C100575,2025-07-01,ブロンズ,スマホ,スポーツ,RunPro,OutFieldr,スポ-4101,39790,2,79580,52169,自然検索,なし,0,送料無料キャンペーン
ORD500325,2026-02-10,2026-02-10 18:12:28,C100040,2025-03-02,シルバー,PC,食品,旨味屋,産直便,食品-8998,5930,2,11860,8008,自然検索,なし,0,母の日特集
ORD500490,2026-02-10,2026-02-10 18:27:24,C100230,2025-08-22,シルバー,タブレット,ファッション,UNIWEAR,CasualX,ファ-3100,5720,1,5720,3186,自然検索,なし,0,なし
ORD500121,2026-02-10,2026-02-10 20:20:51,C100268,2025-11-17,ブロンズ,タブレット,美容,GlowLab,ラディア,美容-6160,3060,3,9180,3288,自然検索,なし,0,週末タイムセール
ORD501031,2026-02-11,2026-02-11 02:30:24,C100000,2025-01-17,シルバー,スマホ,美容,BeautéJP,ピュアケア,美容-1144,7010,1,7010,2879,Push通知,なし,0,なし
ORD500721,2026-02-11,2026-02-11 07:42:57,C100157,2025-10-16,ゴールド,スマホ,美容,GlowLab,ラディア,美容-4056,15540,1,15540,6906,LINE,ポイント,438,送料無料キャンペーン
ORD500277,2026-02-11,2026-02-11 08:55:38,C100657,2025-11-29,ブロンズ,PC,家電,東芝ライク,ProLine,家電-1243,67690,2,135380,110715,Google広告,なし,0,なし
ORD501146,2026-02-11,2026-02-11 11:26:49,C100257,2025-01-25,ブロンズ,PC,ファッション,UNIWEAR,LuxeMode,ファ-7404,14390,1,14390,8219,SNS,ポイント,739,送料無料キャンペーン
ORD500654,2026-02-11,2026-02-11 12:33:44,C100404,2025-09-12,シルバー,スマホ,食品,GreenFarm,産直便,食品-5296,5010,2,10020,7311,自然検索,なし,0,なし
ORD501238,2026-02-11,2026-02-11 17:49:58,C100070,2026-02-11,シルバー,PC,食品,旨味屋,ご褒美グルメ,食品-6145,3010,1,3010,1816,Google広告,なし,0,新春セール
ORD500623,2026-02-11,2026-02-11 20:16:31,C100459,2025-01-27,プラチナ,スマホ,スポーツ,ActiveOne,OutFieldr,スポ-3775,22950,2,45900,30519,メルマガ,クーポン,1500,なし
ORD500381,2026-02-11,2026-02-11 20:39:52,C100211,2026-01-16,ブロンズ,タブレット,ファッション,ModeJP,CasualX,ファ-3637,5000,1,5000,2636,自然検索,なし,0,なし
ORD500536,2026-02-11,2026-02-11 20:44:57,C100628,2025-09-15,シルバー,スマホ,ファッション,ModeJP,DailyFit,ファ-6432,24990,1,24990,12308,Google広告,なし,0,なし
ORD500895,2026-02-11,2026-02-11 21:17:58,C100264,2026-02-11,ブロンズ,スマホ,家電,東芝ライク,AlphaGear,家電-4645,17860,2,35720,26761,メルマガ,なし,0,なし
ORD500391,2026-02-11,2026-02-11 21:30:34,C100115,2025-10-22,シルバー,スマホ,食品,旨味屋,ご褒美グルメ,食品-4461,3460,3,10380,7204,メルマガ,なし,0,なし
ORD501165,2026-02-12,2026-02-12 06:23:03,C100300,2025-06-25,ブロンズ,スマホ,ファッション,ModeJP,DailyFit,ファ-6541,16510,1,16510,9352,Google広告,なし,0,なし
ORD501399,2026-02-12,2026-02-12 08:07:42,C100433,2025-02-11,シルバー,タブレット,家電,Panafit,AlphaGear,家電-5823,31000,1,31000,23168,メルマガ,なし,0,なし
ORD500152,2026-02-12,2026-02-12 12:32:45,C100191,2025-11-27,シルバー,スマホ,食品,和ごころ,ご褒美グルメ,食品-4884,2230,2,4460,3039,Google広告,なし,0,なし
ORD500319,2026-02-12,2026-02-12 18:22:42,C100686,2025-07-20,ブロンズ,PC,ファッション,ModeJP,CasualX,ファ-2610,24380,1,24380,10791,自然検索,クーポン,300,母の日特集
ORD500132,2026-02-12,2026-02-12 19:05:16,C100094,2026-02-12,ブロンズ,タブレット,家電,Panafit,ProLine,家電-8747,45960,2,91920,65423,自然検索,クーポン,1500,新春セール
ORD500229,2026-02-12,2026-02-12 23:09:28,C100228,2025-10-10,ゴールド,PC,家電,SonyTech,AlphaGear,家電-8228,7490,1,7490,5681,メルマガ,なし,0,送料無料キャンペーン
ORD500462,2026-02-13,2026-02-13 06:26:54,C100153,2025-05-16,シルバー,タブレット,ファッション,UNIWEAR,CasualX,ファ-2700,8610,1,8610,4283,自然検索,なし,0,母の日特集
ORD501262,2026-02-13,2026-02-13 07:34:49,C100322,2025-11-18,プラチナ,スマホ,家電,東芝ライク,EcoWave,家電-4094,11300,1,11300,8613,SNS,なし,0,母の日特集
ORD500338,2026-02-13,2026-02-13 10:48:49,C100676,2025-10-29,プラチナ,スマホ,スポーツ,ActiveOne,FlexCore,スポ-3029,35930,1,35930,22141,LINE,なし,0,なし
ORD500497,2026-02-13,2026-02-13 18:02:42,C100013,2026-02-11,ブロンズ,スマホ,食品,和ごころ,産直便,食品-1610,7090,1,7090,4564,メルマガ,なし,0,なし
ORD501330,2026-02-13,2026-02-13 18:14:35,C100391,2025-03-10,ブロンズ,スマホ,ファッション,StreetCo,LuxeMode,ファ-8261,17830,3,53490,26130,Google広告,なし,0,なし
ORD500297,2026-02-13,2026-02-13 18:58:45,C100148,2026-02-13,ブロンズ,PC,食品,旨味屋,ご褒美グルメ,食品-6182,4400,1,4400,2722,Google広告,なし,0,なし
ORD501367,2026-02-13,2026-02-13 19:23:11,C100244,2025-11-26,ブロンズ,スマホ,美容,GlowLab,モイスト+,美容-7706,13840,2,27680,14838,Google広告,ポイント,1414,なし
ORD500831,2026-02-13,2026-02-13 19:51:42,C100602,2026-01-29,ブロンズ,スマホ,スポーツ,FieldMax,SpeedFit,スポ-1656,21790,2,43580,28039,自然検索,なし,0,週末タイムセール
ORD501267,2026-02-13,2026-02-13 21:19:36,C100540,2026-01-12,ブロンズ,PC,美容,BeautéJP,モイスト+,美容-6865,17680,2,35360,16452,Push通知,クーポン,1000,母の日特集
ORD500054,2026-02-13,2026-02-13 21:47:14,C100542,2025-03-19,ブロンズ,タブレット,食品,和ごころ,毎日おいしい,食品-5707,6530,1,6530,4119,SNS,クーポン,300,なし
ORD500729,2026-02-14,2026-02-14 13:42:07,C100284,2025-08-09,ブロンズ,PC,食品,旨味屋,毎日おいしい,食品-9412,7690,3,23070,16815,Push通知,なし,0,なし
ORD500050,2026-02-14,2026-02-14 14:07:12,C100121,2025-12-19,シルバー,スマホ,ファッション,UNIWEAR,DailyFit,ファ-3604,6010,2,12020,5030,自然検索,ポイント,432,なし
ORD500998,2026-02-14,2026-02-14 16:53:52,C100583,2024-12-27,ゴールド,タブレット,家電,SonyTech,AlphaGear,家電-6523,53700,3,161100,126974,自然検索,ポイント,4694,なし
ORD500464,2026-02-14,2026-02-14 20:57:02,C100036,2026-02-14,シルバー,スマホ,美容,NaturaSkin,ラディア,美容-3519,6140,3,18420,9246,自然検索,ポイント,455,週末タイムセール
ORD500459,2026-02-14,2026-02-14 21:54:15,C100009,2025-01-20,シルバー,スマホ,家電,Panafit,AlphaGear,家電-9918,30970,1,30970,22925,Push通知,ポイント,917,なし
ORD501265,2026-02-14,2026-02-14 22:38:34,C100696,2026-01-19,ブロンズ,スマホ,美容,BeautéJP,ラディア,美容-7872,11710,1,11710,4291,Google広告,ポイント,311,週末タイムセール
ORD500221,2026-02-15,2026-02-15 10:25:20,C100090,2025-08-06,ゴールド,PC,ファッション,UNIWEAR,LuxeMode,ファ-8947,9950,3,29850,16141,LINE,なし,0,なし
ORD500056,2026-02-15,2026-02-15 12:46:14,C100424,2025-07-26,ブロンズ,スマホ,食品,和ごころ,ご褒美グルメ,食品-9530,970,1,970,624,Google広告,なし,0,なし
ORD501134,2026-02-15,2026-02-15 12:55:01,C100361,2026-02-15,シルバー,PC,家電,SonyTech,AlphaGear,家電-4625,7620,2,15240,11673,Google広告,ポイント,348,母の日特集
ORD500460,2026-02-15,2026-02-15 13:28:14,C100410,2025-03-08,シルバー,スマホ,スポーツ,ActiveOne,SpeedFit,スポ-3379,24010,2,48020,28046,SNS,なし,0,新春セール
ORD500583,2026-02-15,2026-02-15 17:17:53,C100023,2026-02-15,ブロンズ,スマホ,美容,BeautéJP,ラディア,美容-7100,7520,1,7520,3750,SNS,なし,0,なし
ORD500296,2026-02-15,2026-02-15 18:20:15,C100108,2025-08-27,ゴールド,PC,美容,GlowLab,モイスト+,美容-7516,7860,1,7860,3217,自然検索,クーポン,1500,なし
ORD501071,2026-02-15,2026-02-15 19:05:50,C100146,2024-12-17,ブロンズ,PC,ファッション,StreetCo,CasualX,ファ-7034,19680,1,19680,8246,Google広告,ポイント,891,週末タイムセール
ORD500958,2026-02-15,2026-02-15 19:35:30,C100527,2025-02-18,ブロンズ,スマホ,ファッション,ModeJP,LuxeMode,ファ-3768,19440,1,19440,11384,自然検索,なし,0,なし
ORD500169,2026-02-15,2026-02-15 19:36:36,C100605,2025-10-03,ゴールド,スマホ,食品,GreenFarm,毎日おいしい,食品-2364,6870,1,6870,4874,Google広告,なし,0,週末タイムセール
ORD500421,2026-02-16,2026-02-16 03:07:54,C100695,2025-04-22,ブロンズ,PC,美容,NaturaSkin,ラディア,美容-2558,5980,2,11960,5559,自然検索,なし,0,送料無料キャンペーン
ORD500683,2026-02-16,2026-02-16 14:07:35,C100024,2026-02-16,ブロンズ,タブレット,食品,旨味屋,毎日おいしい,食品-5463,6630,2,13260,9317,Google広告,なし,0,なし
ORD500844,2026-02-16,2026-02-16 15:54:26,C100318,2026-02-16,ブロンズ,PC,食品,GreenFarm,ご褒美グルメ,食品-5294,7740,1,7740,4947,メルマガ,なし,0,週末タイムセール
ORD500276,2026-02-16,2026-02-16 20:45:23,C100412,2025-05-07,ブロンズ,PC,食品,和ごころ,毎日おいしい,食品-6566,5690,1,5690,4095,自然検索,なし,0,週末タイムセール
ORD500470,2026-02-16,2026-02-16 20:56:14,C100011,2026-02-16,ブロンズ,PC,美容,BeautéJP,モイスト+,美容-3459,5380,1,5380,2499,SNS,なし,0,新春セール
ORD500550,2026-02-16,2026-02-16 21:53:04,C100205,2025-04-30,ブロンズ,PC,家電,SonyTech,ProLine,家電-1784,25770,3,77310,63054,SNS,ポイント,5749,送料無料キャンペーン
ORD501015,2026-02-16,2026-02-16 22:35:56,C100245,2025-01-14,ブロンズ,スマホ,家電,SonyTech,EcoWave,家電-7658,66700,1,66700,49689,メルマガ,ポイント,1917,なし
ORD500303,2026-02-17,2026-02-17 06:51:20,C100046,2025-08-12,ゴールド,スマホ,家電,東芝ライク,EcoWave,家電-2988,45130,1,45130,37002,自然検索,なし,0,送料無料キャンペーン
ORD500639,2026-02-17,2026-02-17 08:57:38,C100531,2025-03-03,シルバー,スマホ,食品,GreenFarm,ご褒美グルメ,食品-2602,7070,2,14140,8620,メルマガ,ポイント,449,なし
ORD500047,2026-02-17,2026-02-17 11:20:57,C100393,2025-11-09,ブロンズ,スマホ,ファッション,UNIWEAR,CasualX,ファ-4892,17930,1,17930,7976,Push通知,ポイント,765,なし
ORD500798,2026-02-17,2026-02-17 11:41:27,C100199,2026-02-17,ブロンズ,スマホ,ファッション,StreetCo,CasualX,ファ-9103,19860,3,59580,31647,LINE,ポイント,3552,なし
ORD500430,2026-02-17,2026-02-17 14:41:11,C100527,2025-02-18,ブロンズ,PC,家電,SonyTech,ProLine,家電-6760,23440,2,46880,34784,SNS,ポイント,1855,週末タイムセール
ORD500593,2026-02-17,2026-02-17 14:58:11,C100373,2025-07-01,プラチナ,タブレット,ファッション,ModeJP,LuxeMode,ファ-8185,24640,1,24640,14741,SNS,なし,0,なし
ORD500175,2026-02-18,2026-02-18 10:41:11,C100192,2025-11-14,ゴールド,PC,家電,Panafit,ProLine,家電-7199,59440,3,178320,137090,自然検索,クーポン,1000,母の日特集
ORD500363,2026-02-18,2026-02-18 11:49:52,C100237,2025-08-04,ブロンズ,スマホ,家電,Panafit,EcoWave,家電-7377,47840,3,143520,116491,メルマガ,ポイント,9317,送料無料キャンペーン
ORD501340,2026-02-18,2026-02-18 14:33:22,C100331,2025-06-30,ブロンズ,スマホ,美容,NaturaSkin,ラディア,美容-7788,16880,1,16880,8381,自然検索,なし,0,なし
ORD500427,2026-02-18,2026-02-18 14:50:52,C100676,2025-10-29,プラチナ,タブレット,スポーツ,ActiveOne,SpeedFit,スポ-1388,15970,3,47910,32927,自然検索,なし,0,なし
ORD501342,2026-02-18,2026-02-18 16:02:36,C100402,2025-05-31,ブロンズ,タブレット,美容,NaturaSkin,ピュアケア,美容-6144,14680,3,44040,23477,自然検索,クーポン,300,送料無料キャンペーン
ORD501026,2026-02-18,2026-02-18 22:43:10,C100020,2025-09-13,ゴールド,PC,ファッション,ModeJP,CasualX,ファ-5500,24790,3,74370,32206,Google広告,なし,0,なし
ORD500549,2026-02-19,2026-02-19 08:03:40,C100005,2026-02-19,シルバー,スマホ,スポーツ,RunPro,FlexCore,スポ-7015,13330,2,26660,15930,自然検索,クーポン,300,週末タイムセール
ORD500824,2026-02-19,2026-02-19 20:56:03,C100071,2025-03-16,ブロンズ,スマホ,ファッション,UNIWEAR,LuxeMode,ファ-2325,2940,1,2940,1420,自然検索,なし,0,送料無料キャンペーン
ORD500636,2026-02-20,2026-02-20 09:37:27,C100408,2026-02-20,ブロンズ,スマホ,ファッション,UNIWEAR,LuxeMode,ファ-3705,1540,2,3080,1625,Google広告,なし,0,新春セール
ORD501237,2026-02-20,2026-02-20 09:40:26,C100012,2026-01-27,ブロンズ,タブレット,スポーツ,FieldMax,OutFieldr,スポ-7799,36420,3,109260,76206,SNS,ポイント,2947,なし
ORD500361,2026-02-20,2026-02-20 13:32:02,C100055,2024-12-22,ゴールド,スマホ,ファッション,StreetCo,CasualX,ファ-3952,13120,1,13120,6208,自然検索,クーポン,500,新春セール
ORD500589,2026-02-20,2026-02-20 13:56:26,C100171,2025-01-18,ブロンズ,スマホ,ファッション,StreetCo,LuxeMode,ファ-9070,18640,1,18640,8978,Google広告,なし,0,なし
ORD500584,2026-02-20,2026-02-20 18:41:29,C100112,2025-10-15,プラチナ,スマホ,美容,GlowLab,モイスト+,美容-6194,15450,2,30900,16730,Google広告,ポイント,896,週末タイムセール
ORD500389,2026-02-20,2026-02-20 20:10:07,C100311,2025-12-21,ゴールド,スマホ,食品,旨味屋,産直便,食品-4312,2870,3,8610,5280,LINE,ポイント,241,なし
ORD500940,2026-02-20,2026-02-20 22:55:19,C100284,2025-08-09,ブロンズ,PC,スポーツ,RunPro,FlexCore,スポ-3992,22800,1,22800,14920,メルマガ,ポイント,1728,なし
ORD501393,2026-02-21,2026-02-21 10:42:34,C100375,2025-01-20,ブロンズ,PC,美容,GlowLab,ラディア,美容-1791,4190,2,8380,4025,自然検索,ポイント,236,なし
ORD501358,2026-02-21,2026-02-21 12:31:16,C100156,2025-02-08,ブロンズ,タブレット,スポーツ,RunPro,SpeedFit,スポ-3611,8310,3,24930,16216,自然検索,ポイント,1069,なし
ORD500084,2026-02-21,2026-02-21 16:32:08,C100555,2025-09-15,シルバー,タブレット,スポーツ,RunPro,SpeedFit,スポ-1146,4950,1,4950,2839,Google広告,なし,0,なし
ORD500719,2026-02-21,2026-02-21 16:38:29,C100472,2025-08-04,ブロンズ,PC,食品,旨味屋,毎日おいしい,食品-5803,1210,1,1210,789,自然検索,なし,0,なし
ORD501149,2026-02-21,2026-02-21 17:40:06,C100583,2024-12-27,ゴールド,スマホ,食品,GreenFarm,ご褒美グルメ,食品-1736,1100,1,1100,661,Google広告,なし,0,新春セール
ORD500539,2026-02-21,2026-02-21 21:55:49,C100402,2025-05-31,ブロンズ,スマホ,美容,NaturaSkin,モイスト+,美容-2207,15970,1,15970,7397,Google広告,なし,0,送料無料キャンペーン
ORD500416,2026-02-21,2026-02-21 22:40:13,C100474,2025-11-29,ゴールド,スマホ,ファッション,StreetCo,CasualX,ファ-2442,1810,2,3620,1809,Push通知,なし,0,新春セール
ORD500730,2026-02-22,2026-02-22 09:03:26,C100035,2025-01-03,プラチナ,スマホ,美容,BeautéJP,ラディア,美容-1522,16370,2,32740,15500,Google広告,なし,0,なし
ORD500630,2026-02-22,2026-02-22 11:34:14,C100662,2024-12-17,シルバー,タブレット,美容,BeautéJP,ピュアケア,美容-3543,10080,2,20160,7217,メルマガ,なし,0,なし
ORD500431,2026-02-22,2026-02-22 12:43:56,C100198,2025-06-11,ゴールド,スマホ,ファッション,UNIWEAR,DailyFit,ファ-5933,12100,2,24200,14501,メルマガ,クーポン,300,なし
ORD500835,2026-02-22,2026-02-22 12:53:08,C100180,2026-02-22,シルバー,タブレット,美容,NaturaSkin,ラディア,美容-1915,9680,3,29040,15253,Google広告,ポイント,1656,新春セール
ORD500795,2026-02-22,2026-02-22 13:11:33,C100546,2025-08-02,ブロンズ,スマホ,食品,GreenFarm,毎日おいしい,食品-9225,3650,2,7300,4409,LINE,ポイント,153,週末タイムセール
ORD501077,2026-02-22,2026-02-22 17:14:15,C100033,2025-10-14,シルバー,スマホ,ファッション,ModeJP,DailyFit,ファ-3829,15730,1,15730,7011,メルマガ,なし,0,なし
ORD501037,2026-02-23,2026-02-23 03:04:46,C100435,2025-02-06,ブロンズ,スマホ,食品,和ごころ,毎日おいしい,食品-6310,1560,3,4680,3331,Google広告,なし,0,なし
ORD500994,2026-02-23,2026-02-23 11:52:12,C100379,2025-04-28,シルバー,スマホ,スポーツ,RunPro,FlexCore,スポ-8609,31210,1,31210,19366,自然検索,なし,0,新春セール
ORD500184,2026-02-23,2026-02-23 15:38:10,C100307,2025-10-14,ブロンズ,スマホ,家電,SonyTech,ProLine,家電-4297,10690,2,21380,17192,自然検索,クーポン,300,なし
ORD501048,2026-02-23,2026-02-23 17:09:22,C100182,2025-09-11,ブロンズ,スマホ,家電,Panafit,EcoWave,家電-6120,39490,1,39490,28609,Google広告,なし,0,なし
ORD500179,2026-02-23,2026-02-23 18:59:10,C100497,2025-07-02,シルバー,タブレット,スポーツ,RunPro,FlexCore,スポ-4069,3520,1,3520,2271,Google広告,なし,0,なし
ORD500364,2026-02-23,2026-02-23 19:31:39,C100438,2025-01-12,ゴールド,PC,スポーツ,RunPro,SpeedFit,スポ-9353,25850,2,51700,32959,LINE,なし,0,なし
ORD500616,2026-02-24,2026-02-24 08:49:05,C100280,2025-05-05,ゴールド,スマホ,美容,NaturaSkin,ピュアケア,美容-2919,10710,1,10710,5131,メルマガ,ポイント,542,なし
ORD500905,2026-02-24,2026-02-24 12:20:12,C100406,2025-08-05,ブロンズ,PC,ファッション,StreetCo,LuxeMode,ファ-5202,3120,3,9360,3865,メルマガ,なし,0,なし
ORD500264,2026-02-24,2026-02-24 12:59:42,C100552,2026-02-24,ブロンズ,スマホ,食品,GreenFarm,産直便,食品-6010,7890,3,23670,14561,メルマガ,ポイント,654,送料無料キャンペーン
ORD500287,2026-02-24,2026-02-24 14:41:22,C100345,2025-04-24,シルバー,スマホ,食品,GreenFarm,ご褒美グルメ,食品-1182,1740,3,5220,3153,Google広告,ポイント,311,なし
ORD500211,2026-02-24,2026-02-24 15:25:28,C100682,2026-02-24,シルバー,スマホ,家電,東芝ライク,AlphaGear,家電-8666,38380,3,115140,86771,Google広告,なし,0,週末タイムセール
ORD500038,2026-02-24,2026-02-24 18:20:46,C100470,2026-01-29,ブロンズ,PC,スポーツ,FieldMax,OutFieldr,スポ-6391,18150,2,36300,22656,自然検索,ポイント,1727,なし
ORD500074,2026-02-24,2026-02-24 18:21:01,C100227,2025-10-28,シルバー,PC,食品,GreenFarm,毎日おいしい,食品-6493,5340,2,10680,6712,Google広告,ポイント,279,なし
ORD501298,2026-02-24,2026-02-24 19:55:39,C100264,2026-02-24,ブロンズ,タブレット,食品,和ごころ,産直便,食品-6889,4340,1,4340,2812,自然検索,なし,0,母の日特集
ORD500689,2026-02-25,2026-02-25 04:21:46,C100590,2026-02-25,ブロンズ,スマホ,食品,和ごころ,産直便,食品-3286,2560,1,2560,1557,自然検索,なし,0,なし
ORD500807,2026-02-25,2026-02-25 07:28:15,C100628,2025-09-15,シルバー,タブレット,美容,NaturaSkin,ラディア,美容-3971,15890,1,15890,7367,Google広告,なし,0,送料無料キャンペーン
ORD500298,2026-02-25,2026-02-25 07:49:50,C100342,2025-11-22,ブロンズ,タブレット,家電,東芝ライク,EcoWave,家電-6963,63870,3,191610,134558,Google広告,ポイント,12673,新春セール
ORD501394,2026-02-25,2026-02-25 09:23:23,C100316,2026-01-24,ゴールド,PC,ファッション,UNIWEAR,CasualX,ファ-4601,12590,1,12590,7403,自然検索,クーポン,500,なし
ORD500337,2026-02-25,2026-02-25 10:36:22,C100627,2025-06-28,ブロンズ,スマホ,家電,Panafit,EcoWave,家電-9563,61750,1,61750,49518,Google広告,なし,0,送料無料キャンペーン
ORD500268,2026-02-25,2026-02-25 12:00:29,C100106,2026-02-22,プラチナ,スマホ,家電,Panafit,EcoWave,家電-7418,49440,3,148320,111715,SNS,なし,0,母の日特集
ORD500101,2026-02-25,2026-02-25 13:37:14,C100241,2025-10-31,ブロンズ,PC,食品,和ごころ,ご褒美グルメ,食品-1151,3520,1,3520,2130,SNS,なし,0,なし
ORD500546,2026-02-25,2026-02-25 18:03:28,C100501,2025-12-10,ブロンズ,スマホ,食品,旨味屋,ご褒美グルメ,食品-5200,5640,3,16920,12640,Google広告,なし,0,なし
ORD500099,2026-02-25,2026-02-25 21:11:51,C100177,2025-02-28,プラチナ,PC,美容,NaturaSkin,ピュアケア,美容-6318,1850,1,1850,892,SNS,ポイント,47,週末タイムセール
ORD500964,2026-02-26,2026-02-26 08:47:05,C100565,2025-04-13,プラチナ,スマホ,ファッション,StreetCo,DailyFit,ファ-8820,3360,2,6720,2986,自然検索,なし,0,なし
ORD500767,2026-02-26,2026-02-26 12:17:00,C100082,2025-02-28,シルバー,スマホ,家電,東芝ライク,AlphaGear,家電-4447,72730,3,218190,176126,Push通知,なし,0,なし
ORD501064,2026-02-26,2026-02-26 13:44:26,C100103,2024-12-01,ブロンズ,スマホ,ファッション,UNIWEAR,CasualX,ファ-9249,16140,2,32280,18737,LINE,なし,0,なし
ORD500205,2026-02-26,2026-02-26 16:41:25,C100564,2026-02-26,プラチナ,PC,スポーツ,FieldMax,SpeedFit,スポ-9388,13170,2,26340,16691,メルマガ,ポイント,1851,母の日特集
ORD501136,2026-02-26,2026-02-26 17:14:59,C100133,2025-10-17,ブロンズ,PC,ファッション,UNIWEAR,DailyFit,ファ-9190,7140,1,7140,2958,Push通知,なし,0,母の日特集
ORD500768,2026-02-26,2026-02-26 18:44:41,C100253,2025-06-06,シルバー,スマホ,家電,東芝ライク,AlphaGear,家電-4440,66550,2,133100,106942,SNS,なし,0,なし
ORD500916,2026-02-26,2026-02-26 19:07:00,C100180,2026-02-26,シルバー,スマホ,家電,Panafit,ProLine,家電-6389,44920,2,89840,73313,Google広告,なし,0,なし
ORD500059,2026-02-26,2026-02-26 21:12:50,C100568,2025-12-04,ブロンズ,スマホ,ファッション,StreetCo,LuxeMode,ファ-2156,4810,1,4810,2017,Google広告,クーポン,1500,なし
ORD500976,2026-02-26,2026-02-26 21:44:08,C100643,2025-09-01,ブロンズ,PC,家電,SonyTech,AlphaGear,家電-9363,61120,2,122240,86960,Push通知,なし,0,なし
ORD501078,2026-02-27,2026-02-27 05:27:18,C100049,2026-02-21,ブロンズ,スマホ,スポーツ,RunPro,OutFieldr,スポ-1816,28790,2,57580,34323,SNS,ポイント,2934,週末タイムセール
ORD500282,2026-02-27,2026-02-27 09:49:43,C100103,2024-12-01,ブロンズ,スマホ,家電,Panafit,AlphaGear,家電-7841,23330,2,46660,34603,Google広告,なし,0,母の日特集
ORD501198,2026-02-27,2026-02-27 11:28:30,C100633,2025-07-05,シルバー,PC,スポーツ,ActiveOne,OutFieldr,スポ-7077,11480,2,22960,13549,メルマガ,なし,0,なし
ORD500170,2026-02-27,2026-02-27 14:22:54,C100286,2025-02-28,シルバー,タブレット,家電,SonyTech,EcoWave,家電-1591,37530,1,37530,26433,Push通知,ポイント,2379,なし
ORD500909,2026-02-27,2026-02-27 17:40:06,C100362,2025-04-05,ゴールド,PC,家電,東芝ライク,EcoWave,家電-5847,77240,3,231720,164060,Google広告,クーポン,500,新春セール
ORD500626,2026-02-27,2026-02-27 21:57:32,C100459,2025-01-27,プラチナ,スマホ,食品,旨味屋,ご褒美グルメ,食品-5274,5510,2,11020,6870,Google広告,ポイント,553,なし
ORD500980,2026-02-28,2026-02-28 10:59:25,C100141,2025-03-31,シルバー,PC,美容,BeautéJP,モイスト+,美容-1931,7150,2,14300,7099,自然検索,なし,0,送料無料キャンペーン
ORD501175,2026-02-28,2026-02-28 11:00:14,C100292,2026-02-28,ブロンズ,タブレット,家電,SonyTech,ProLine,家電-9789,28790,2,57580,42174,LINE,ポイント,2368,母の日特集
ORD501354,2026-02-28,2026-02-28 11:30:24,C100477,2024-12-07,ブロンズ,タブレット,家電,Panafit,EcoWave,家電-8113,57890,2,115780,91978,Google広告,ポイント,4826,週末タイムセール
ORD501068,2026-02-28,2026-02-28 12:23:53,C100002,2025-12-11,シルバー,スマホ,食品,旨味屋,毎日おいしい,食品-5971,2370,3,7110,4979,Google広告,なし,0,なし
ORD500769,2026-02-28,2026-02-28 13:43:40,C100010,2025-09-28,プラチナ,PC,スポーツ,RunPro,SpeedFit,スポ-1396,7800,1,7800,5049,Google広告,なし,0,なし
ORD500258,2026-02-28,2026-02-28 16:28:18,C100219,2026-02-28,シルバー,PC,家電,東芝ライク,EcoWave,家電-7407,6860,2,13720,9743,Google広告,なし,0,週末タイムセール
ORD500214,2026-02-28,2026-02-28 19:37:24,C100412,2025-05-07,ブロンズ,スマホ,スポーツ,FieldMax,FlexCore,スポ-8205,39700,1,39700,24907,LINE,ポイント,1490,週末タイムセール
ORD501005,2026-02-28,2026-02-28 20:16:30,C100400,2026-02-28,ブロンズ,スマホ,ファッション,ModeJP,CasualX,ファ-5642,6570,1,6570,2834,自然検索,なし,0,なし
ORD500396,2026-02-28,2026-02-28 21:45:09,C100342,2025-11-22,ブロンズ,PC,食品,和ごころ,ご褒美グルメ,食品-7011,1260,3,3780,2619,LINE,ポイント,220,母の日特集
ORD500395,2026-03-01,2026-03-01 07:03:40,C100622,2025-03-02,ブロンズ,PC,美容,GlowLab,ラディア,美容-7928,12120,3,36360,13407,自然検索,なし,0,母の日特集
ORD500196,2026-03-01,2026-03-01 08:38:22,C100308,2025-05-29,シルバー,タブレット,スポーツ,RunPro,SpeedFit,スポ-8811,34490,1,34490,21519,自然検索,なし,0,なし
ORD501380,2026-03-01,2026-03-01 09:48:01,C100032,2025-01-19,ゴールド,スマホ,美容,NaturaSkin,ラディア,美容-1808,11310,2,22620,9974,メルマガ,なし,0,新春セール
ORD501219,2026-03-01,2026-03-01 10:05:02,C100410,2025-03-08,シルバー,PC,家電,SonyTech,AlphaGear,家電-5912,66590,1,66590,49745,Push通知,なし,0,なし
ORD501231,2026-03-01,2026-03-01 13:53:17,C100211,2026-01-16,ブロンズ,スマホ,美容,BeautéJP,ピュアケア,美容-6753,10420,2,20840,8858,メルマガ,ポイント,823,なし
ORD500845,2026-03-01,2026-03-01 14:07:22,C100493,2025-11-11,ブロンズ,スマホ,家電,SonyTech,AlphaGear,家電-4283,20700,3,62100,47801,LINE,なし,0,なし
ORD500350,2026-03-01,2026-03-01 16:01:27,C100626,2025-06-11,シルバー,スマホ,食品,和ごころ,産直便,食品-2871,5700,2,11400,7396,SNS,クーポン,300,なし
ORD501222,2026-03-01,2026-03-01 16:07:34,C100280,2025-05-05,ゴールド,PC,美容,BeautéJP,モイスト+,美容-1792,10640,2,21280,9892,メルマガ,なし,0,なし
ORD500112,2026-03-01,2026-03-01 17:34:08,C100316,2026-01-24,ゴールド,タブレット,美容,GlowLab,ピュアケア,美容-3137,8530,1,8530,4677,LINE,なし,0,なし
ORD500722,2026-03-01,2026-03-01 17:56:29,C100146,2024-12-17,ブロンズ,PC,家電,Panafit,EcoWave,家電-4112,55730,2,111460,84162,自然検索,なし,0,なし
ORD500383,2026-03-01,2026-03-01 20:43:45,C100327,2024-12-18,シルバー,スマホ,ファッション,StreetCo,LuxeMode,ファ-3918,23890,2,47780,21819,自然検索,クーポン,300,新春セール
ORD500679,2026-03-02,2026-03-02 07:32:15,C100418,2025-05-17,ブロンズ,スマホ,食品,和ごころ,ご褒美グルメ,食品-4820,7460,2,14920,9978,自然検索,なし,0,新春セール
ORD500113,2026-03-02,2026-03-02 07:44:50,C100414,2024-12-07,ゴールド,スマホ,美容,GlowLab,モイスト+,美容-6050,1380,1,1380,485,自然検索,なし,0,新春セール
ORD500403,2026-03-02,2026-03-02 13:21:30,C100487,2025-09-30,プラチナ,PC,美容,NaturaSkin,ラディア,美容-2033,4120,1,4120,2135,Google広告,ポイント,143,母の日特集
ORD500687,2026-03-02,2026-03-02 14:02:37,C100069,2025-08-26,ゴールド,スマホ,ファッション,StreetCo,CasualX,ファ-3048,19210,1,19210,8660,メルマガ,ポイント,1253,なし
ORD500283,2026-03-02,2026-03-02 19:09:40,C100558,2026-03-01,ブロンズ,PC,美容,NaturaSkin,ピュアケア,美容-6373,5780,2,11560,4981,Google広告,クーポン,500,なし
ORD500675,2026-03-02,2026-03-02 21:19:33,C100612,2026-02-24,ブロンズ,スマホ,家電,Panafit,EcoWave,家電-1998,19580,1,19580,15198,自然検索,ポイント,752,なし
ORD501297,2026-03-02,2026-03-02 21:34:56,C100194,2026-03-02,ブロンズ,スマホ,美容,BeautéJP,モイスト+,美容-2369,9440,1,9440,4618,LINE,なし,0,なし
ORD501245,2026-03-03,2026-03-03 12:59:44,C100336,2026-03-03,ブロンズ,スマホ,美容,BeautéJP,ラディア,美容-4425,16120,2,32240,16512,メルマガ,なし,0,母の日特集
ORD501054,2026-03-03,2026-03-03 16:32:13,C100682,2026-03-03,シルバー,スマホ,家電,SonyTech,ProLine,家電-7622,41810,1,41810,31245,LINE,なし,0,なし
ORD500346,2026-03-03,2026-03-03 17:50:02,C100394,2026-01-18,シルバー,スマホ,ファッション,StreetCo,CasualX,ファ-3331,9280,1,9280,3905,Push通知,なし,0,新春セール
ORD500505,2026-03-03,2026-03-03 17:59:53,C100567,2025-04-20,ブロンズ,PC,ファッション,UNIWEAR,DailyFit,ファ-2889,12210,1,12210,6920,LINE,ポイント,319,送料無料キャンペーン
ORD501333,2026-03-03,2026-03-03 18:33:30,C100009,2025-01-20,シルバー,スマホ,美容,GlowLab,モイスト+,美容-4967,5810,1,5810,3043,Google広告,ポイント,418,なし
ORD500760,2026-03-03,2026-03-03 18:37:06,C100232,2024-12-08,ブロンズ,PC,ファッション,StreetCo,LuxeMode,ファ-3956,11560,3,34680,15915,自然検索,なし,0,なし
ORD500201,2026-03-03,2026-03-03 20:41:55,C100299,2024-12-09,ブロンズ,スマホ,食品,和ごころ,毎日おいしい,食品-6017,7280,3,21840,15568,メルマガ,なし,0,なし
ORD500869,2026-03-03,2026-03-03 22:38:24,C100676,2025-10-29,プラチナ,PC,家電,Panafit,ProLine,家電-1318,12130,1,12130,9251,自然検索,なし,0,なし
ORD501090,2026-03-04,2026-03-04 03:53:56,C100594,2025-06-01,ブロンズ,スマホ,スポーツ,RunPro,SpeedFit,スポ-8092,38680,3,116040,66722,自然検索,クーポン,500,母の日特集
ORD500353,2026-03-04,2026-03-04 08:33:26,C100072,2025-08-22,ブロンズ,タブレット,ファッション,StreetCo,LuxeMode,ファ-9418,4730,1,4730,2655,LINE,なし,0,なし
ORD500664,2026-03-04,2026-03-04 10:51:22,C100187,2025-07-05,ブロンズ,PC,食品,GreenFarm,ご褒美グルメ,食品-4650,6440,1,6440,4575,自然検索,なし,0,母の日特集
ORD500042,2026-03-04,2026-03-04 11:23:54,C100526,2026-03-04,ブロンズ,PC,ファッション,UNIWEAR,DailyFit,ファ-4289,4570,1,4570,2465,自然検索,なし,0,送料無料キャンペーン
ORD501171,2026-03-04,2026-03-04 13:08:36,C100254,2025-12-15,プラチナ,PC,家電,Panafit,EcoWave,家電-3003,55290,2,110580,87378,Google広告,ポイント,5309,なし
ORD500991,2026-03-04,2026-03-04 15:00:37,C100536,2025-08-18,ブロンズ,PC,家電,Panafit,EcoWave,家電-6755,47980,2,95960,71784,LINE,なし,0,週末タイムセール
ORD500802,2026-03-04,2026-03-04 15:24:57,C100364,2025-02-02,ゴールド,スマホ,ファッション,StreetCo,CasualX,ファ-2442,23300,2,46600,25694,Google広告,ポイント,2573,なし
ORD501316,2026-03-04,2026-03-04 18:00:39,C100183,2026-01-04,シルバー,スマホ,食品,旨味屋,毎日おいしい,食品-3927,960,2,1920,1394,自然検索,なし,0,なし
ORD500968,2026-03-04,2026-03-04 18:02:57,C100354,2026-03-04,ブロンズ,スマホ,美容,BeautéJP,ラディア,美容-9489,1270,3,3810,1899,LINE,ポイント,192,なし
ORD500247,2026-03-04,2026-03-04 22:34:08,C100693,2026-03-04,シルバー,PC,家電,Panafit,ProLine,家電-1687,51180,1,51180,41631,Google広告,なし,0,なし
ORD500731,2026-03-05,2026-03-05 08:03:13,C100684,2025-03-05,ブロンズ,スマホ,ファッション,ModeJP,DailyFit,ファ-3884,4480,1,4480,1860,LINE,ポイント,254,週末タイムセール
ORD500148,2026-03-05,2026-03-05 08:16:14,C100447,2026-03-05,ブロンズ,スマホ,美容,BeautéJP,ラディア,美容-2654,16370,1,16370,8856,自然検索,クーポン,300,新春セール
ORD500088,2026-03-05,2026-03-05 10:02:54,C100300,2025-06-25,ブロンズ,タブレット,家電,Panafit,ProLine,家電-5450,45610,1,45610,36095,LINE,ポイント,1270,新春セール
ORD500204,2026-03-05,2026-03-05 11:00:43,C100525,2025-05-25,ゴールド,スマホ,美容,BeautéJP,モイスト+,美容-4503,6260,1,6260,2233,Google広告,なし,0,なし
ORD500217,2026-03-05,2026-03-05 12:09:17,C100674,2025-11-22,シルバー,PC,食品,旨味屋,毎日おいしい,食品-7554,4040,1,4040,2625,Push通知,なし,0,新春セール
ORD500496,2026-03-05,2026-03-05 14:27:30,C100385,2025-02-06,シルバー,スマホ,家電,Panafit,ProLine,家電-3344,42740,3,128220,100386,LINE,クーポン,1000,母の日特集
ORD500701,2026-03-05,2026-03-05 17:12:00,C100403,2026-03-05,シルバー,PC,ファッション,UNIWEAR,CasualX,ファ-9794,17910,2,35820,15928,Google広告,なし,0,母の日特集
ORD500515,2026-03-05,2026-03-05 17:43:12,C100390,2026-02-03,ブロンズ,スマホ,美容,BeautéJP,ラディア,美容-8549,10910,3,32730,13129,SNS,クーポン,1500,なし
ORD500656,2026-03-05,2026-03-05 20:18:32,C100554,2026-03-05,プラチナ,PC,美容,GlowLab,ラディア,美容-1518,7650,1,7650,3228,Push通知,ポイント,556,送料無料キャンペーン
ORD501157,2026-03-05,2026-03-05 20:45:21,C100263,2026-03-05,プラチナ,タブレット,スポーツ,RunPro,FlexCore,スポ-9055,25080,1,25080,16524,Push通知,なし,0,週末タイムセール
ORD500946,2026-03-06,2026-03-06 16:33:31,C100488,2026-02-13,ブロンズ,タブレット,食品,GreenFarm,産直便,食品-5719,1410,3,4230,2690,自然検索,なし,0,母の日特集
ORD500334,2026-03-06,2026-03-06 17:20:13,C100364,2025-02-02,ゴールド,スマホ,美容,NaturaSkin,モイスト+,美容-2499,16960,1,16960,7837,LINE,ポイント,1001,なし
ORD500526,2026-03-06,2026-03-06 17:39:28,C100517,2025-01-04,ゴールド,スマホ,美容,BeautéJP,ピュアケア,美容-7512,3850,2,7700,2799,LINE,クーポン,300,新春セール
ORD500877,2026-03-06,2026-03-06 20:41:55,C100111,2026-02-22,ブロンズ,スマホ,家電,東芝ライク,EcoWave,家電-6414,13180,1,13180,9667,Google広告,ポイント,670,なし
ORD501199,2026-03-06,2026-03-06 21:57:03,C100674,2025-11-22,シルバー,スマホ,美容,GlowLab,ピュアケア,美容-3707,10970,2,21940,8758,Push通知,なし,0,なし
ORD500571,2026-03-06,2026-03-06 22:58:01,C100553,2025-05-30,シルバー,PC,食品,旨味屋,ご褒美グルメ,食品-7311,5150,1,5150,3434,メルマガ,なし,0,送料無料キャンペーン
ORD500423,2026-03-07,2026-03-07 08:02:39,C100399,2025-05-25,ゴールド,PC,美容,BeautéJP,ラディア,美容-7662,11860,3,35580,18469,Google広告,なし,0,なし
ORD500547,2026-03-07,2026-03-07 10:07:13,C100400,2026-03-07,ブロンズ,スマホ,美容,GlowLab,ラディア,美容-4446,16320,1,16320,8614,Google広告,なし,0,なし
ORD501113,2026-03-07,2026-03-07 12:25:15,C100596,2025-10-29,シルバー,スマホ,スポーツ,ActiveOne,OutFieldr,スポ-6483,38970,2,77940,50750,SNS,ポイント,3242,週末タイムセール
ORD500531,2026-03-07,2026-03-07 17:58:29,C100021,2025-06-30,ブロンズ,スマホ,スポーツ,ActiveOne,SpeedFit,スポ-5920,20880,1,20880,11866,Google広告,なし,0,なし
ORD500523,2026-03-07,2026-03-07 18:40:49,C100020,2025-09-13,ゴールド,PC,スポーツ,RunPro,SpeedFit,スポ-8910,2290,1,2290,1333,Google広告,ポイント,119,新春セール
ORD501150,2026-03-07,2026-03-07 19:28:11,C100358,2025-01-18,ブロンズ,スマホ,家電,Panafit,ProLine,家電-3334,7240,3,21720,17514,Google広告,なし,0,なし
ORD501363,2026-03-07,2026-03-07 20:50:04,C100407,2025-02-18,プラチナ,スマホ,食品,GreenFarm,ご褒美グルメ,食品-3938,6020,3,18060,13255,メルマガ,なし,0,なし
ORD500371,2026-03-08,2026-03-08 07:43:30,C100580,2025-01-20,ブロンズ,スマホ,家電,SonyTech,EcoWave,家電-7845,14970,1,14970,10817,SNS,ポイント,962,週末タイムセール
ORD500610,2026-03-08,2026-03-08 10:39:43,C100574,2024-12-01,ブロンズ,スマホ,ファッション,ModeJP,LuxeMode,ファ-2412,9040,3,27120,12333,Google広告,なし,0,母の日特集
ORD500404,2026-03-08,2026-03-08 12:49:19,C100234,2025-09-08,ゴールド,スマホ,食品,GreenFarm,毎日おいしい,食品-1867,7340,3,22020,14822,自然検索,なし,0,なし
ORD500481,2026-03-08,2026-03-08 16:36:46,C100318,2026-03-08,ブロンズ,PC,食品,旨味屋,毎日おいしい,食品-4930,2750,1,2750,1687,自然検索,なし,0,週末タイムセール
ORD500159,2026-03-08,2026-03-08 18:47:28,C100516,2026-03-08,ゴールド,スマホ,家電,SonyTech,EcoWave,家電-3201,53550,1,53550,37571,LINE,なし,0,なし
ORD500737,2026-03-08,2026-03-08 19:32:11,C100075,2025-08-29,ゴールド,スマホ,家電,SonyTech,ProLine,家電-8368,56380,1,56380,45007,メルマガ,なし,0,なし
ORD500357,2026-03-08,2026-03-08 21:08:29,C100331,2025-06-30,ブロンズ,スマホ,美容,GlowLab,モイスト+,美容-8426,15510,3,46530,22038,LINE,ポイント,2542,母の日特集
ORD500772,2026-03-09,2026-03-09 07:02:41,C100405,2025-09-13,ブロンズ,スマホ,ファッション,ModeJP,DailyFit,ファ-5834,6650,1,6650,3832,Google広告,なし,0,送料無料キャンペーン
ORD500518,2026-03-09,2026-03-09 07:21:02,C100281,2025-09-05,ゴールド,スマホ,ファッション,ModeJP,DailyFit,ファ-3724,5320,2,10640,5263,メルマガ,なし,0,週末タイムセール
ORD500563,2026-03-09,2026-03-09 11:45:02,C100018,2026-03-09,ブロンズ,PC,美容,NaturaSkin,ラディア,美容-7921,8870,1,8870,4531,Google広告,クーポン,500,なし
ORD501196,2026-03-09,2026-03-09 12:41:45,C100260,2026-03-02,シルバー,PC,ファッション,StreetCo,CasualX,ファ-6589,2320,2,4640,2529,Google広告,なし,0,なし
ORD500669,2026-03-09,2026-03-09 12:43:54,C100538,2025-10-06,ブロンズ,スマホ,美容,NaturaSkin,ラディア,美容-4511,17400,2,34800,18747,自然検索,なし,0,送料無料キャンペーン
ORD501120,2026-03-09,2026-03-09 15:55:47,C100186,2025-03-03,シルバー,スマホ,スポーツ,FieldMax,OutFieldr,スポ-9515,16110,2,32220,21692,SNS,ポイント,1577,新春セール
ORD500876,2026-03-09,2026-03-09 16:05:56,C100167,2025-03-03,シルバー,スマホ,美容,GlowLab,モイスト+,美容-5581,14170,2,28340,10247,メルマガ,ポイント,746,なし
ORD500471,2026-03-09,2026-03-09 18:12:39,C100474,2025-11-29,ゴールド,PC,家電,Panafit,EcoWave,家電-6839,47610,1,47610,37538,LINE,なし,0,なし
ORD500996,2026-03-09,2026-03-09 21:38:17,C100523,2026-03-09,ブロンズ,スマホ,スポーツ,RunPro,FlexCore,スポ-6099,3260,1,3260,1827,自然検索,なし,0,なし
ORD500734,2026-03-10,2026-03-10 09:20:37,C100193,2025-06-24,プラチナ,PC,食品,GreenFarm,産直便,食品-4453,1700,2,3400,2222,メルマガ,ポイント,229,週末タイムセール
ORD501125,2026-03-10,2026-03-10 11:34:30,C100543,2025-03-08,ブロンズ,スマホ,美容,BeautéJP,ラディア,美容-9659,16870,2,33740,14245,SNS,なし,0,なし
ORD501058,2026-03-10,2026-03-10 12:03:03,C100262,2025-05-19,プラチナ,スマホ,食品,和ごころ,産直便,食品-5867,7050,2,14100,9705,自然検索,クーポン,1500,なし
ORD500921,2026-03-10,2026-03-10 14:08:35,C100366,2025-08-26,シルバー,スマホ,ファッション,StreetCo,CasualX,ファ-9134,11910,1,11910,4783,LINE,ポイント,709,母の日特集
ORD501041,2026-03-10,2026-03-10 18:34:38,C100456,2025-02-20,シルバー,PC,食品,旨味屋,ご褒美グルメ,食品-1325,6270,2,12540,7645,LINE,クーポン,1500,週末タイムセール
ORD500174,2026-03-10,2026-03-10 18:42:00,C100315,2025-12-14,シルバー,スマホ,食品,旨味屋,毎日おいしい,食品-7861,5640,2,11280,7998,Google広告,なし,0,なし
ORD501335,2026-03-10,2026-03-10 19:24:37,C100379,2025-04-28,シルバー,PC,家電,SonyTech,ProLine,家電-7729,64230,2,128460,101560,LINE,ポイント,2753,週末タイムセール
ORD501180,2026-03-10,2026-03-10 20:06:54,C100664,2025-11-08,ブロンズ,スマホ,食品,和ごころ,ご褒美グルメ,食品-8338,3900,2,7800,5553,メルマガ,なし,0,週末タイムセール
ORD500097,2026-03-10,2026-03-10 21:07:15,C100626,2025-06-11,シルバー,タブレット,家電,SonyTech,AlphaGear,家電-2085,48240,1,48240,36994,自然検索,なし,0,なし
ORD501376,2026-03-10,2026-03-10 21:17:37,C100332,2025-05-25,ブロンズ,スマホ,家電,Panafit,ProLine,家電-6114,23060,1,23060,18275,自然検索,なし,0,新春セール
ORD500139,2026-03-11,2026-03-11 09:48:49,C100380,2024-11-30,ブロンズ,PC,ファッション,UNIWEAR,CasualX,ファ-8835,21510,2,43020,21228,LINE,なし,0,なし
ORD500398,2026-03-11,2026-03-11 11:01:03,C100477,2024-12-07,ブロンズ,PC,スポーツ,ActiveOne,OutFieldr,スポ-7701,15040,3,45120,28403,Google広告,なし,0,なし
ORD500262,2026-03-11,2026-03-11 13:59:14,C100343,2025-09-21,ブロンズ,スマホ,ファッション,ModeJP,LuxeMode,ファ-5265,18360,2,36720,21986,Google広告,クーポン,300,なし
ORD500507,2026-03-11,2026-03-11 13:59:25,C100027,2026-03-11,ブロンズ,スマホ,ファッション,UNIWEAR,DailyFit,ファ-8709,22420,1,22420,10833,自然検索,なし,0,なし
ORD500938,2026-03-12,2026-03-12 05:26:53,C100114,2025-09-16,シルバー,スマホ,食品,和ごころ,産直便,食品-7351,5380,1,5380,3353,SNS,ポイント,146,新春セール
ORD500479,2026-03-12,2026-03-12 08:25:19,C100296,2026-03-12,ブロンズ,PC,ファッション,UNIWEAR,DailyFit,ファ-3253,7960,1,7960,3856,Push通知,ポイント,418,なし
ORD500442,2026-03-12,2026-03-12 11:46:45,C100272,2025-02-22,プラチナ,PC,家電,東芝ライク,EcoWave,家電-2754,46170,2,92340,64986,Push通知,なし,0,送料無料キャンペーン
ORD500936,2026-03-12,2026-03-12 12:08:39,C100608,2026-03-12,シルバー,スマホ,美容,BeautéJP,ピュアケア,美容-5643,2490,1,2490,1206,Google広告,ポイント,179,母の日特集
ORD500275,2026-03-12,2026-03-12 12:33:46,C100657,2025-11-29,ブロンズ,タブレット,食品,旨味屋,産直便,食品-8914,6540,1,6540,4101,メルマガ,なし,0,週末タイムセール
ORD501119,2026-03-12,2026-03-12 20:35:25,C100298,2025-05-11,シルバー,PC,スポーツ,RunPro,SpeedFit,スポ-2542,15860,2,31720,19535,メルマガ,クーポン,300,なし
ORD500540,2026-03-12,2026-03-12 20:52:51,C100499,2025-08-01,プラチナ,スマホ,家電,東芝ライク,AlphaGear,家電-7635,53340,2,106680,82748,Google広告,なし,0,なし
ORD500836,2026-03-12,2026-03-12 21:58:28,C100373,2025-07-01,プラチナ,スマホ,スポーツ,RunPro,SpeedFit,スポ-9637,26710,3,80130,46248,自然検索,なし,0,送料無料キャンペーン
ORD501336,2026-03-13,2026-03-13 07:38:06,C100181,2025-02-23,シルバー,スマホ,ファッション,StreetCo,DailyFit,ファ-4530,7190,2,14380,8460,メルマガ,ポイント,1103,送料無料キャンペーン
ORD500253,2026-03-13,2026-03-13 08:40:55,C100525,2025-05-25,ゴールド,スマホ,ファッション,ModeJP,LuxeMode,ファ-3173,9530,1,9530,5019,メルマガ,ポイント,733,なし
ORD500804,2026-03-13,2026-03-13 10:40:37,C100192,2025-11-14,ゴールド,スマホ,家電,Panafit,EcoWave,家電-8482,75120,1,75120,53175,Google広告,なし,0,なし
ORD500453,2026-03-13,2026-03-13 14:45:29,C100662,2024-12-17,シルバー,PC,食品,和ごころ,毎日おいしい,食品-1863,4030,1,4030,2492,Google広告,ポイント,163,週末タイムセール
ORD500484,2026-03-13,2026-03-13 17:17:03,C100404,2025-09-12,シルバー,PC,食品,GreenFarm,毎日おいしい,食品-5076,5410,2,10820,6884,Google広告,ポイント,459,新春セール
ORD500165,2026-03-13,2026-03-13 17:46:32,C100077,2025-04-07,ゴールド,タブレット,家電,東芝ライク,EcoWave,家電-3322,25550,1,25550,18614,LINE,ポイント,938,なし
ORD500402,2026-03-13,2026-03-13 18:46:49,C100257,2025-01-25,ブロンズ,スマホ,美容,BeautéJP,ラディア,美容-5623,14280,1,14280,5915,LINE,ポイント,734,なし
ORD501215,2026-03-13,2026-03-13 21:43:48,C100422,2026-02-14,シルバー,PC,ファッション,UNIWEAR,LuxeMode,ファ-4148,3890,2,7780,3184,SNS,ポイント,301,なし
ORD500981,2026-03-13,2026-03-13 22:13:35,C100227,2025-10-28,シルバー,スマホ,食品,旨味屋,ご褒美グルメ,食品-2072,2230,2,4460,3300,Push通知,ポイント,200,送料無料キャンペーン
ORD500728,2026-03-13,2026-03-13 22:57:59,C100264,2026-03-13,ブロンズ,スマホ,美容,GlowLab,モイスト+,美容-3509,5000,3,15000,5466,Google広告,なし,0,新春セール
ORD501062,2026-03-14,2026-03-14 01:59:58,C100495,2025-07-24,ゴールド,PC,食品,GreenFarm,産直便,食品-9647,6450,1,6450,4792,Google広告,ポイント,406,なし
ORD500329,2026-03-14,2026-03-14 06:51:14,C100416,2026-03-14,ブロンズ,PC,スポーツ,FieldMax,OutFieldr,スポ-5990,32420,1,32420,18886,自然検索,ポイント,1992,なし
ORD500657,2026-03-14,2026-03-14 09:43:57,C100011,2026-03-14,ブロンズ,PC,食品,旨味屋,産直便,食品-1811,4910,2,9820,6790,メルマガ,なし,0,なし
ORD500424,2026-03-14,2026-03-14 10:01:17,C100413,2025-02-11,ブロンズ,スマホ,スポーツ,ActiveOne,SpeedFit,スポ-1453,18100,1,18100,12173,メルマガ,ポイント,930,なし
ORD501127,2026-03-14,2026-03-14 12:24:51,C100036,2026-03-14,シルバー,スマホ,食品,和ごころ,産直便,食品-7216,4000,2,8000,5115,メルマガ,なし,0,なし
ORD501309,2026-03-14,2026-03-14 12:24:53,C100265,2025-10-30,シルバー,PC,ファッション,StreetCo,LuxeMode,ファ-3760,24130,1,24130,13420,自然検索,なし,0,母の日特集
ORD501004,2026-03-14,2026-03-14 15:34:40,C100519,2025-11-06,ブロンズ,スマホ,スポーツ,ActiveOne,SpeedFit,スポ-4121,14290,1,14290,8367,メルマガ,なし,0,新春セール
ORD500661,2026-03-15,2026-03-15 03:48:18,C100684,2025-03-05,ブロンズ,スマホ,食品,和ごころ,産直便,食品-2547,3270,1,3270,2098,自然検索,クーポン,1500,なし
ORD500896,2026-03-15,2026-03-15 14:50:44,C100369,2026-02-17,プラチナ,PC,食品,旨味屋,産直便,食品-7961,2330,1,2330,1631,SNS,ポイント,66,なし
ORD500141,2026-03-15,2026-03-15 16:00:31,C100358,2025-01-18,ブロンズ,PC,美容,BeautéJP,モイスト+,美容-7007,8090,1,8090,3251,Google広告,ポイント,228,なし
ORD500486,2026-03-15,2026-03-15 16:05:57,C100476,2026-03-15,シルバー,スマホ,美容,NaturaSkin,ラディア,美容-2511,11830,1,11830,5707,Google広告,なし,0,新春セール
ORD501108,2026-03-15,2026-03-15 17:38:50,C100372,2025-07-22,ブロンズ,PC,家電,東芝ライク,ProLine,家電-4302,72750,2,145500,106133,LINE,なし,0,なし
ORD501131,2026-03-15,2026-03-15 19:02:48,C100102,2026-03-08,シルバー,PC,食品,和ごころ,産直便,食品-9345,5890,1,5890,3848,自然検索,なし,0,なし
ORD500975,2026-03-15,2026-03-15 19:30:00,C100448,2025-09-25,シルバー,PC,美容,BeautéJP,ラディア,美容-8207,7340,3,22020,8820,Google広告,クーポン,1000,なし
ORD500703,2026-03-15,2026-03-15 19:48:02,C100539,2024-12-09,シルバー,スマホ,スポーツ,FieldMax,SpeedFit,スポ-1887,28490,1,28490,17492,SNS,なし,0,なし
ORD500865,2026-03-15,2026-03-15 20:45:17,C100245,2025-01-14,ブロンズ,スマホ,スポーツ,FieldMax,FlexCore,スポ-4906,6910,1,6910,3972,自然検索,なし,0,なし
ORD501216,2026-03-16,2026-03-16 12:54:27,C100361,2026-03-16,シルバー,スマホ,ファッション,ModeJP,CasualX,ファ-4354,7740,1,7740,3622,自然検索,クーポン,500,送料無料キャンペーン
ORD500186,2026-03-16,2026-03-16 15:16:40,C100026,2025-07-18,プラチナ,スマホ,美容,BeautéJP,ピュアケア,美容-8287,6380,1,6380,3454,メルマガ,なし,0,なし
ORD501163,2026-03-16,2026-03-16 19:27:06,C100659,2025-05-13,シルバー,PC,食品,旨味屋,産直便,食品-8492,1120,1,1120,776,Google広告,クーポン,560,週末タイムセール
ORD501087,2026-03-16,2026-03-16 20:22:06,C100657,2025-11-29,ブロンズ,スマホ,食品,和ごころ,ご褒美グルメ,食品-1596,2930,2,5860,4104,Google広告,クーポン,1000,送料無料キャンペーン
ORD500385,2026-03-16,2026-03-16 21:04:27,C100637,2025-05-18,ブロンズ,スマホ,食品,GreenFarm,産直便,食品-1600,1210,1,1210,830,LINE,ポイント,27,新春セール
ORD500784,2026-03-17,2026-03-17 00:42:14,C100272,2025-02-22,プラチナ,スマホ,ファッション,UNIWEAR,DailyFit,ファ-8996,19340,1,19340,8335,自然検索,なし,0,送料無料キャンペーン
ORD501173,2026-03-17,2026-03-17 04:04:31,C100603,2025-02-13,ブロンズ,スマホ,美容,BeautéJP,ピュアケア,美容-2903,1260,2,2520,924,LINE,ポイント,77,なし
ORD500153,2026-03-17,2026-03-17 08:24:50,C100287,2025-10-24,シルバー,スマホ,食品,旨味屋,ご褒美グルメ,食品-3019,1060,2,2120,1444,自然検索,なし,0,なし
ORD501038,2026-03-17,2026-03-17 12:27:08,C100340,2025-11-30,ブロンズ,スマホ,ファッション,StreetCo,DailyFit,ファ-9191,21860,1,21860,12935,自然検索,なし,0,なし
ORD500955,2026-03-17,2026-03-17 15:10:27,C100543,2025-03-08,ブロンズ,スマホ,家電,Panafit,ProLine,家電-4854,39350,3,118050,93426,自然検索,クーポン,500,なし
ORD500231,2026-03-17,2026-03-17 16:13:41,C100649,2026-03-17,ブロンズ,スマホ,スポーツ,RunPro,SpeedFit,スポ-9337,15260,2,30520,20350,自然検索,なし,0,新春セール
ORD501208,2026-03-18,2026-03-18 09:42:34,C100685,2026-03-06,シルバー,スマホ,美容,GlowLab,ピュアケア,美容-1865,14520,1,14520,7971,メルマガ,なし,0,週末タイムセール
ORD500774,2026-03-18,2026-03-18 11:12:03,C100250,2025-03-11,シルバー,スマホ,家電,Panafit,ProLine,家電-8791,3210,1,3210,2361,メルマガ,なし,0,なし
ORD500035,2026-03-18,2026-03-18 12:10:11,C100457,2025-11-29,ブロンズ,スマホ,食品,旨味屋,産直便,食品-8271,2440,2,4880,3536,自然検索,クーポン,1000,なし
ORD500851,2026-03-18,2026-03-18 13:09:02,C100310,2025-12-18,ブロンズ,スマホ,食品,GreenFarm,ご褒美グルメ,食品-1755,4760,1,4760,3515,Google広告,クーポン,1000,なし
ORD500559,2026-03-18,2026-03-18 13:25:37,C100445,2025-12-16,ブロンズ,スマホ,スポーツ,RunPro,SpeedFit,スポ-2564,32360,3,97080,62108,Google広告,なし,0,送料無料キャンペーン
ORD500871,2026-03-18,2026-03-18 14:44:09,C100589,2026-03-18,ブロンズ,スマホ,スポーツ,RunPro,SpeedFit,スポ-2803,31870,1,31870,18364,Push通知,なし,0,新春セール
ORD500310,2026-03-18,2026-03-18 15:35:20,C100104,2026-03-04,ブロンズ,スマホ,ファッション,UNIWEAR,LuxeMode,ファ-7714,7780,3,23340,13676,LINE,なし,0,新春セール
ORD500086,2026-03-18,2026-03-18 20:09:26,C100090,2025-08-06,ゴールド,スマホ,美容,BeautéJP,ラディア,美容-4508,6730,2,13460,4774,Google広告,なし,0,なし
ORD500270,2026-03-18,2026-03-18 20:15:18,C100014,2026-01-17,シルバー,スマホ,家電,Panafit,EcoWave,家電-3469,29190,1,29190,23282,Push通知,なし,0,なし
ORD500037,2026-03-18,2026-03-18 23:01:28,C100346,2026-03-18,シルバー,PC,ファッション,StreetCo,CasualX,ファ-1542,20320,2,40640,19116,メルマガ,ポイント,1856,新春セール
ORD500885,2026-03-19,2026-03-19 06:58:51,C100445,2025-12-16,ブロンズ,スマホ,スポーツ,ActiveOne,SpeedFit,スポ-8125,33890,1,33890,20045,メルマガ,ポイント,1902,なし
ORD500686,2026-03-19,2026-03-19 09:07:43,C100212,2026-02-27,ゴールド,スマホ,家電,Panafit,EcoWave,家電-4749,4900,1,4900,3487,Google広告,クーポン,300,週末タイムセール
ORD501257,2026-03-19,2026-03-19 09:22:13,C100444,2025-09-17,ブロンズ,PC,ファッション,ModeJP,DailyFit,ファ-8808,23950,1,23950,14360,メルマガ,クーポン,500,なし
ORD500615,2026-03-19,2026-03-19 10:51:41,C100008,2025-03-23,シルバー,スマホ,美容,NaturaSkin,ラディア,美容-5280,6220,1,6220,2625,メルマガ,なし,0,母の日特集
ORD501049,2026-03-19,2026-03-19 11:33:17,C100474,2025-11-29,ゴールド,スマホ,家電,東芝ライク,AlphaGear,家電-2087,59790,2,119580,94532,自然検索,ポイント,7620,なし
ORD500985,2026-03-19,2026-03-19 12:09:14,C100177,2025-02-28,プラチナ,PC,食品,GreenFarm,毎日おいしい,食品-8858,5520,1,5520,4014,Google広告,なし,0,なし
ORD501033,2026-03-19,2026-03-19 17:51:56,C100426,2026-03-19,シルバー,スマホ,スポーツ,RunPro,SpeedFit,スポ-3790,14680,2,29360,19182,SNS,なし,0,送料無料キャンペーン
ORD501264,2026-03-19,2026-03-19 18:26:11,C100159,2026-02-24,ブロンズ,PC,食品,和ごころ,毎日おいしい,食品-7405,820,3,2460,1584,自然検索,クーポン,1000,送料無料キャンペーン
ORD500406,2026-03-19,2026-03-19 20:02:50,C100406,2025-08-05,ブロンズ,スマホ,食品,GreenFarm,産直便,食品-9422,2610,1,2610,1945,メルマガ,ポイント,167,週末タイムセール
ORD500780,2026-03-19,2026-03-19 23:02:38,C100469,2026-03-19,ブロンズ,スマホ,美容,GlowLab,モイスト+,美容-7351,17250,2,34500,17698,Push通知,クーポン,300,なし
ORD500850,2026-03-20,2026-03-20 09:09:47,C100168,2025-06-08,ブロンズ,PC,ファッション,ModeJP,DailyFit,ファ-4255,3720,1,3720,1845,Google広告,なし,0,なし
ORD500256,2026-03-20,2026-03-20 09:34:55,C100315,2025-12-14,シルバー,PC,ファッション,ModeJP,DailyFit,ファ-3642,18630,1,18630,9165,Google広告,クーポン,500,なし
ORD501305,2026-03-20,2026-03-20 11:06:12,C100504,2025-05-04,ブロンズ,スマホ,美容,BeautéJP,ラディア,美容-5259,5450,1,5450,2810,LINE,なし,0,週末タイムセール
ORD501053,2026-03-20,2026-03-20 13:22:21,C100525,2025-05-25,ゴールド,PC,食品,GreenFarm,毎日おいしい,食品-2155,6920,1,6920,5083,メルマガ,なし,0,週末タイムセール
ORD501325,2026-03-20,2026-03-20 16:17:39,C100072,2025-08-22,ブロンズ,PC,ファッション,ModeJP,LuxeMode,ファ-9493,23760,2,47520,19332,LINE,ポイント,3280,週末タイムセール
ORD500787,2026-03-20,2026-03-20 16:49:51,C100135,2025-05-22,ブロンズ,スマホ,食品,GreenFarm,毎日おいしい,食品-7890,2370,3,7110,4868,SNS,なし,0,なし
ORD500694,2026-03-20,2026-03-20 18:06:13,C100595,2026-03-07,ブロンズ,PC,家電,SonyTech,EcoWave,家電-2944,39160,2,78320,55694,自然検索,クーポン,1500,送料無料キャンペーン
ORD500449,2026-03-20,2026-03-20 20:07:54,C100251,2025-09-09,ゴールド,PC,ファッション,UNIWEAR,DailyFit,ファ-4454,14500,1,14500,6145,SNS,なし,0,なし
ORD500345,2026-03-20,2026-03-20 21:30:58,C100126,2025-01-11,ブロンズ,スマホ,家電,SonyTech,ProLine,家電-2975,28500,1,28500,20379,自然検索,なし,0,なし
ORD500894,2026-03-20,2026-03-20 22:12:09,C100224,2026-01-19,ゴールド,PC,食品,GreenFarm,ご褒美グルメ,食品-1279,4500,1,4500,3280,Google広告,なし,0,母の日特集
ORD500216,2026-03-21,2026-03-21 00:30:08,C100172,2026-02-17,ブロンズ,PC,家電,SonyTech,AlphaGear,家電-3031,30480,2,60960,47591,メルマガ,ポイント,4475,なし
ORD500766,2026-03-21,2026-03-21 01:51:00,C100305,2025-02-16,ブロンズ,スマホ,スポーツ,ActiveOne,OutFieldr,スポ-3600,19110,1,19110,13165,自然検索,なし,0,なし
ORD500736,2026-03-21,2026-03-21 05:01:44,C100651,2025-12-10,シルバー,PC,ファッション,UNIWEAR,DailyFit,ファ-5778,24380,1,24380,11449,Google広告,ポイント,612,母の日特集
ORD500997,2026-03-21,2026-03-21 05:47:44,C100432,2026-03-21,シルバー,PC,美容,BeautéJP,ラディア,美容-9912,3640,1,3640,1323,自然検索,ポイント,81,新春セール
ORD501201,2026-03-21,2026-03-21 08:21:59,C100018,2026-03-21,ブロンズ,PC,家電,東芝ライク,AlphaGear,家電-4878,60810,1,60810,44912,自然検索,ポイント,4434,週末タイムセール
ORD500840,2026-03-21,2026-03-21 11:59:23,C100627,2025-06-28,ブロンズ,スマホ,食品,和ごころ,ご褒美グルメ,食品-6389,4830,2,9660,6018,LINE,ポイント,395,送料無料キャンペーン
ORD500599,2026-03-21,2026-03-21 12:46:09,C100197,2025-02-03,ブロンズ,PC,ファッション,ModeJP,DailyFit,ファ-7126,9440,2,18880,9124,自然検索,なし,0,なし
ORD500889,2026-03-21,2026-03-21 14:44:35,C100155,2025-12-15,ゴールド,スマホ,スポーツ,FieldMax,FlexCore,スポ-3902,9390,3,28170,16313,Google広告,なし,0,新春セール
ORD500043,2026-03-21,2026-03-21 15:37:38,C100016,2025-09-20,ゴールド,スマホ,スポーツ,FieldMax,OutFieldr,スポ-6521,18760,3,56280,31726,自然検索,ポイント,2682,なし
ORD500202,2026-03-21,2026-03-21 17:00:18,C100184,2025-09-10,ブロンズ,PC,家電,SonyTech,AlphaGear,家電-8934,31050,1,31050,24207,Google広告,ポイント,2030,母の日特集
ORD500236,2026-03-21,2026-03-21 17:30:39,C100049,2026-02-21,ブロンズ,スマホ,スポーツ,RunPro,FlexCore,スポ-5574,16210,2,32420,19263,自然検索,なし,0,なし
ORD500495,2026-03-21,2026-03-21 17:44:34,C100466,2025-03-03,ゴールド,PC,美容,BeautéJP,ラディア,美容-8306,16080,3,48240,20227,メルマガ,なし,0,週末タイムセール
ORD501089,2026-03-21,2026-03-21 20:24:29,C100228,2025-10-10,ゴールド,PC,食品,和ごころ,ご褒美グルメ,食品-8048,6330,1,6330,4077,自然検索,なし,0,週末タイムセール
ORD500967,2026-03-21,2026-03-21 20:46:38,C100083,2026-03-21,ゴールド,PC,ファッション,StreetCo,LuxeMode,ファ-4516,24460,1,24460,13609,自然検索,ポイント,607,新春セール
ORD501017,2026-03-22,2026-03-22 08:21:45,C100603,2025-02-13,ブロンズ,スマホ,美容,NaturaSkin,モイスト+,美容-5062,12790,3,38370,15264,Google広告,なし,0,なし
ORD500982,2026-03-22,2026-03-22 09:17:36,C100694,2025-01-18,ブロンズ,スマホ,家電,SonyTech,ProLine,家電-1845,5690,2,11380,9013,SNS,なし,0,なし
ORD500027,2026-03-22,2026-03-22 10:08:29,C100240,2025-02-16,ゴールド,PC,家電,Panafit,EcoWave,家電-2788,34180,1,34180,24031,メルマガ,なし,0,新春セール
ORD500309,2026-03-22,2026-03-22 12:48:05,C100350,2025-10-02,ブロンズ,スマホ,家電,Panafit,AlphaGear,家電-4117,39200,2,78400,61974,メルマガ,ポイント,5807,なし
ORD501001,2026-03-22,2026-03-22 17:16:08,C100553,2025-05-30,シルバー,PC,ファッション,UNIWEAR,DailyFit,ファ-1120,18530,1,18530,7581,Push通知,なし,0,母の日特集
ORD500725,2026-03-22,2026-03-22 19:39:44,C100678,2025-09-26,シルバー,PC,ファッション,StreetCo,DailyFit,ファ-3977,16650,1,16650,8088,自然検索,ポイント,942,なし
ORD500538,2026-03-22,2026-03-22 20:12:42,C100323,2026-03-22,シルバー,スマホ,家電,SonyTech,AlphaGear,家電-5764,18230,1,18230,13863,SNS,ポイント,568,新春セール
ORD500949,2026-03-22,2026-03-22 22:34:16,C100424,2025-07-26,ブロンズ,PC,家電,Panafit,AlphaGear,家電-5926,14390,2,28780,20354,メルマガ,なし,0,なし
ORD500005,2026-03-23,2026-03-23 10:59:56,C100107,2025-12-17,シルバー,スマホ,ファッション,ModeJP,LuxeMode,ファ-8898,23420,1,23420,13726,LINE,なし,0,週末タイムセール
ORD500676,2026-03-23,2026-03-23 13:59:28,C100062,2025-06-27,ブロンズ,PC,食品,旨味屋,ご褒美グルメ,食品-5635,6460,1,6460,3946,自然検索,ポイント,514,週末タイムセール
ORD500290,2026-03-23,2026-03-23 17:27:52,C100553,2025-05-30,シルバー,スマホ,ファッション,ModeJP,CasualX,ファ-6543,8080,1,8080,4667,Google広告,なし,0,週末タイムセール
ORD500233,2026-03-23,2026-03-23 17:39:37,C100654,2025-10-13,シルバー,スマホ,美容,GlowLab,モイスト+,美容-8564,3510,3,10530,5662,Google広告,なし,0,なし
ORD500596,2026-03-23,2026-03-23 18:29:01,C100533,2025-05-11,シルバー,PC,美容,BeautéJP,ピュアケア,美容-6407,7280,2,14560,7146,SNS,なし,0,なし
ORD500624,2026-03-23,2026-03-23 18:52:51,C100534,2025-10-27,ブロンズ,スマホ,美容,BeautéJP,モイスト+,美容-4590,14610,1,14610,7532,Google広告,ポイント,562,週末タイムセール
ORD501174,2026-03-23,2026-03-23 19:29:05,C100300,2025-06-25,ブロンズ,スマホ,美容,NaturaSkin,ラディア,美容-1967,8870,1,8870,3590,自然検索,なし,0,週末タイムセール
ORD501274,2026-03-23,2026-03-23 20:01:49,C100236,2025-12-16,ブロンズ,スマホ,家電,Panafit,ProLine,家電-9339,57710,1,57710,45831,SNS,なし,0,なし
ORD500136,2026-03-23,2026-03-23 20:41:23,C100638,2026-03-01,ブロンズ,スマホ,ファッション,ModeJP,DailyFit,ファ-5424,14730,2,29460,12402,メルマガ,なし,0,新春セール
ORD501232,2026-03-23,2026-03-23 20:43:45,C100515,2025-01-27,ゴールド,スマホ,美容,GlowLab,ピュアケア,美容-3203,1690,1,1690,799,Google広告,なし,0,なし
ORD500574,2026-03-24,2026-03-24 08:35:00,C100193,2025-06-24,プラチナ,スマホ,食品,和ごころ,毎日おいしい,食品-5082,2340,1,2340,1563,Google広告,ポイント,128,週末タイムセール
ORD500478,2026-03-24,2026-03-24 09:37:51,C100618,2025-01-01,シルバー,スマホ,食品,旨味屋,毎日おいしい,食品-6640,3550,3,10650,6806,Google広告,ポイント,612,なし
ORD500300,2026-03-24,2026-03-24 21:37:38,C100690,2026-03-24,ブロンズ,PC,食品,GreenFarm,ご褒美グルメ,食品-7710,3110,3,9330,6693,SNS,なし,0,なし
ORD500715,2026-03-25,2026-03-25 07:43:09,C100413,2025-02-11,ブロンズ,スマホ,ファッション,UNIWEAR,DailyFit,ファ-1159,20470,1,20470,8462,Google広告,クーポン,300,なし
ORD501243,2026-03-25,2026-03-25 13:30:58,C100203,2026-01-06,ゴールド,スマホ,家電,Panafit,EcoWave,家電-9974,39430,1,39430,27797,メルマガ,なし,0,なし
ORD501228,2026-03-25,2026-03-25 17:34:06,C100386,2025-01-05,ブロンズ,PC,家電,SonyTech,EcoWave,家電-8177,3240,2,6480,5311,Google広告,なし,0,なし
ORD500530,2026-03-25,2026-03-25 19:32:20,C100116,2024-12-18,シルバー,スマホ,ファッション,StreetCo,DailyFit,ファ-3490,16410,1,16410,9152,メルマガ,クーポン,500,送料無料キャンペーン
ORD500819,2026-03-25,2026-03-25 19:35:01,C100358,2025-01-18,ブロンズ,スマホ,美容,GlowLab,ラディア,美容-5647,3040,1,3040,1164,自然検索,なし,0,なし
ORD500879,2026-03-25,2026-03-25 20:32:37,C100672,2025-12-01,プラチナ,スマホ,ファッション,UNIWEAR,DailyFit,ファ-6601,19110,1,19110,10614,Push通知,なし,0,なし
ORD501110,2026-03-25,2026-03-25 21:32:09,C100176,2026-01-16,プラチナ,タブレット,ファッション,UNIWEAR,CasualX,ファ-7641,23050,3,69150,40680,Push通知,ポイント,4372,週末タイムセール
ORD500420,2026-03-25,2026-03-25 21:58:43,C100093,2025-07-09,ブロンズ,スマホ,美容,BeautéJP,ラディア,美容-1948,15830,2,31660,16673,自然検索,クーポン,300,なし
ORD500544,2026-03-26,2026-03-26 03:09:11,C100662,2024-12-17,シルバー,PC,スポーツ,ActiveOne,FlexCore,スポ-1806,6100,1,6100,3589,Google広告,なし,0,なし
ORD500013,2026-03-26,2026-03-26 06:01:55,C100421,2026-01-03,シルバー,スマホ,ファッション,ModeJP,DailyFit,ファ-3595,11330,1,11330,4925,Google広告,なし,0,なし
ORD500044,2026-03-26,2026-03-26 13:29:27,C100397,2025-03-20,ブロンズ,PC,食品,GreenFarm,ご褒美グルメ,食品-9904,1580,2,3160,1994,Push通知,ポイント,251,なし
ORD500018,2026-03-26,2026-03-26 17:56:54,C100564,2026-03-26,プラチナ,スマホ,家電,東芝ライク,EcoWave,家電-3933,41390,2,82780,58235,Google広告,なし,0,なし
ORD500412,2026-03-26,2026-03-26 20:38:52,C100174,2026-01-05,ブロンズ,スマホ,スポーツ,ActiveOne,OutFieldr,スポ-3229,34450,1,34450,22827,メルマガ,なし,0,なし
ORD500208,2026-03-26,2026-03-26 22:16:36,C100495,2025-07-24,ゴールド,PC,スポーツ,ActiveOne,FlexCore,スポ-5011,36910,3,110730,67389,メルマガ,なし,0,なし
ORD501279,2026-03-26,2026-03-26 22:26:10,C100108,2025-08-27,ゴールド,スマホ,家電,SonyTech,EcoWave,家電-9900,15690,2,31380,23921,メルマガ,なし,0,なし
ORD500215,2026-03-27,2026-03-27 06:05:28,C100698,2024-12-26,ゴールド,スマホ,美容,GlowLab,ラディア,美容-3798,17180,1,17180,8463,Google広告,なし,0,送料無料キャンペーン
ORD501337,2026-03-27,2026-03-27 06:41:56,C100469,2026-03-27,ブロンズ,スマホ,家電,東芝ライク,AlphaGear,家電-1154,50400,1,50400,41097,Google広告,ポイント,1872,母の日特集
ORD500744,2026-03-27,2026-03-27 08:06:56,C100461,2025-02-16,ブロンズ,スマホ,食品,GreenFarm,産直便,食品-2505,4400,1,4400,2970,SNS,なし,0,なし
ORD501371,2026-03-27,2026-03-27 12:34:01,C100115,2025-10-22,シルバー,PC,スポーツ,ActiveOne,SpeedFit,スポ-9778,35020,1,35020,19783,メルマガ,なし,0,なし
ORD501023,2026-03-27,2026-03-27 14:24:28,C100620,2025-08-05,ブロンズ,スマホ,家電,SonyTech,AlphaGear,家電-7217,18840,1,18840,15102,メルマガ,なし,0,なし
ORD500863,2026-03-27,2026-03-27 16:42:52,C100327,2024-12-18,シルバー,スマホ,ファッション,ModeJP,CasualX,ファ-1557,9940,1,9940,4848,自然検索,ポイント,228,なし
ORD500883,2026-03-27,2026-03-27 16:59:26,C100275,2025-09-02,ブロンズ,スマホ,食品,和ごころ,産直便,食品-9975,4180,2,8360,5159,Google広告,なし,0,週末タイムセール
ORD500106,2026-03-27,2026-03-27 17:37:53,C100432,2026-03-21,シルバー,PC,家電,東芝ライク,ProLine,家電-4461,3230,1,3230,2512,自然検索,なし,0,なし
ORD501272,2026-03-27,2026-03-27 18:35:52,C100517,2025-01-04,ゴールド,スマホ,美容,GlowLab,ピュアケア,美容-5774,17060,2,34120,12445,Google広告,なし,0,送料無料キャンペーン
ORD500665,2026-03-27,2026-03-27 19:24:16,C100004,2025-08-05,シルバー,PC,ファッション,StreetCo,LuxeMode,ファ-6564,12540,1,12540,5109,Google広告,なし,0,なし
ORD501233,2026-03-28,2026-03-28 09:50:46,C100350,2025-10-02,ブロンズ,スマホ,美容,BeautéJP,モイスト+,美容-6003,4040,2,8080,3220,Google広告,クーポン,1000,新春セール
ORD500898,2026-03-28,2026-03-28 10:00:22,C100207,2026-03-28,シルバー,PC,スポーツ,ActiveOne,OutFieldr,スポ-8452,15840,3,47520,30043,SNS,クーポン,500,週末タイムセール
ORD500681,2026-03-28,2026-03-28 13:40:59,C100008,2025-03-23,シルバー,PC,ファッション,ModeJP,CasualX,ファ-5270,3010,1,3010,1297,メルマガ,なし,0,週末タイムセール
ORD500379,2026-03-28,2026-03-28 16:50:50,C100242,2025-01-20,ブロンズ,スマホ,美容,NaturaSkin,ラディア,美容-5079,6200,1,6200,2952,SNS,なし,0,新春セール
ORD500356,2026-03-28,2026-03-28 17:21:25,C100577,2025-09-26,ゴールド,スマホ,家電,Panafit,EcoWave,家電-6856,28420,2,56840,45553,自然検索,クーポン,1500,週末タイムセール
ORD501085,2026-03-28,2026-03-28 18:54:09,C100396,2024-12-22,ブロンズ,スマホ,スポーツ,FieldMax,OutFieldr,スポ-8979,25890,1,25890,17460,Google広告,ポイント,1121,新春セール
ORD500558,2026-03-28,2026-03-28 19:12:12,C100555,2025-09-15,シルバー,スマホ,美容,BeautéJP,ピュアケア,美容-4933,10450,2,20900,7351,自然検索,ポイント,1590,週末タイムセール
ORD501310,2026-03-28,2026-03-28 20:58:29,C100060,2026-03-28,シルバー,スマホ,家電,SonyTech,ProLine,家電-8072,22830,2,45660,33306,自然検索,なし,0,送料無料キャンペーン
ORD500032,2026-03-29,2026-03-29 07:34:46,C100507,2025-04-19,ゴールド,スマホ,スポーツ,RunPro,FlexCore,スポ-6509,5290,1,5290,3578,SNS,なし,0,なし
ORD501377,2026-03-29,2026-03-29 09:27:51,C100000,2025-01-17,シルバー,スマホ,ファッション,ModeJP,LuxeMode,ファ-4463,14060,1,14060,6710,メルマガ,クーポン,300,新春セール
ORD501248,2026-03-29,2026-03-29 15:12:36,C100440,2026-03-29,ブロンズ,スマホ,食品,GreenFarm,産直便,食品-4906,7680,3,23040,14797,LINE,なし,0,送料無料キャンペーン
ORD501308,2026-03-29,2026-03-29 16:41:09,C100645,2025-06-05,ブロンズ,タブレット,スポーツ,FieldMax,SpeedFit,スポ-3631,3840,1,3840,2452,自然検索,クーポン,1500,なし
ORD500260,2026-03-29,2026-03-29 16:48:28,C100392,2025-06-27,ゴールド,スマホ,スポーツ,FieldMax,OutFieldr,スポ-7579,31690,2,63380,40302,Google広告,なし,0,なし
ORD500118,2026-03-29,2026-03-29 17:24:45,C100409,2024-12-05,シルバー,スマホ,食品,GreenFarm,ご褒美グルメ,食品-2702,5410,1,5410,3551,メルマガ,なし,0,なし
ORD500280,2026-03-29,2026-03-29 19:35:07,C100270,2025-05-16,ゴールド,スマホ,食品,GreenFarm,産直便,食品-2319,5950,1,5950,4209,Google広告,なし,0,新春セール
ORD501103,2026-03-29,2026-03-29 21:14:35,C100694,2025-01-18,ブロンズ,スマホ,美容,BeautéJP,ピュアケア,美容-3464,14110,2,28220,13351,Google広告,ポイント,2204,なし
ORD500435,2026-03-29,2026-03-29 23:03:30,C100295,2025-09-24,ゴールド,スマホ,食品,GreenFarm,産直便,食品-2673,2870,1,2870,1861,自然検索,なし,0,週末タイムセール
ORD501191,2026-03-30,2026-03-30 05:56:16,C100686,2025-07-20,ブロンズ,スマホ,美容,GlowLab,ピュアケア,美容-6029,11270,2,22540,10958,メルマガ,なし,0,なし
ORD500594,2026-03-30,2026-03-30 17:18:04,C100453,2024-12-11,シルバー,スマホ,家電,Panafit,ProLine,家電-8367,71620,3,214860,171725,自然検索,なし,0,なし
ORD500336,2026-03-30,2026-03-30 17:19:38,C100228,2025-10-10,ゴールド,スマホ,ファッション,ModeJP,LuxeMode,ファ-3898,18660,2,37320,22201,Push通知,なし,0,なし
ORD500181,2026-03-30,2026-03-30 18:41:45,C100271,2024-12-10,シルバー,PC,食品,GreenFarm,毎日おいしい,食品-6085,1910,2,3820,2429,SNS,クーポン,1500,送料無料キャンペーン
ORD500284,2026-03-31,2026-03-31 06:22:42,C100519,2025-11-06,ブロンズ,スマホ,家電,Panafit,AlphaGear,家電-9473,62690,3,188070,153902,Google広告,なし,0,なし
ORD500155,2026-03-31,2026-03-31 08:56:42,C100088,2026-02-15,シルバー,スマホ,家電,東芝ライク,EcoWave,家電-6126,50550,2,101100,70931,SNS,なし,0,新春セール
ORD501384,2026-03-31,2026-03-31 09:10:51,C100125,2025-10-20,ブロンズ,スマホ,ファッション,StreetCo,DailyFit,ファ-9537,21150,1,21150,10881,Push通知,なし,0,なし
ORD501266,2026-03-31,2026-03-31 10:17:18,C100515,2025-01-27,ゴールド,PC,家電,Panafit,AlphaGear,家電-9650,41850,1,41850,33361,LINE,なし,0,なし
ORD500019,2026-03-31,2026-03-31 12:13:11,C100687,2025-11-06,ブロンズ,タブレット,美容,BeautéJP,ピュアケア,美容-6303,10900,1,10900,5104,メルマガ,なし,0,送料無料キャンペーン
ORD500557,2026-03-31,2026-03-31 12:36:42,C100514,2026-03-31,ブロンズ,スマホ,ファッション,StreetCo,LuxeMode,ファ-1573,9560,1,9560,5130,自然検索,ポイント,661,なし
ORD501105,2026-03-31,2026-03-31 12:56:02,C100409,2024-12-05,シルバー,スマホ,スポーツ,RunPro,SpeedFit,スポ-4053,34870,1,34870,19976,LINE,なし,0,新春セール
ORD501176,2026-03-31,2026-03-31 14:42:48,C100588,2026-03-27,ゴールド,タブレット,家電,Panafit,EcoWave,家電-8800,30870,2,61740,44011,LINE,ポイント,1329,新春セール
ORD500838,2026-03-31,2026-03-31 16:41:07,C100361,2026-03-31,シルバー,PC,スポーツ,RunPro,FlexCore,スポ-6425,17320,1,17320,10692,Google広告,クーポン,1500,なし
ORD500477,2026-03-31,2026-03-31 16:43:54,C100163,2025-07-20,ブロンズ,PC,食品,GreenFarm,ご褒美グルメ,食品-1537,1680,1,1680,1135,Google広告,なし,0,なし
ORD501385,2026-03-31,2026-03-31 17:52:42,C100576,2026-03-31,ブロンズ,スマホ,ファッション,StreetCo,LuxeMode,ファ-4120,9920,1,9920,4825,Google広告,なし,0,送料無料キャンペーン
ORD500556,2026-03-31,2026-03-31 18:30:56,C100620,2025-08-05,ブロンズ,スマホ,食品,GreenFarm,毎日おいしい,食品-7380,810,2,1620,984,Google広告,なし,0,送料無料キャンペーン
ORD501018,2026-03-31,2026-03-31 19:12:22,C100684,2025-03-05,ブロンズ,PC,家電,SonyTech,EcoWave,家電-4703,3520,2,7040,5466,Google広告,ポイント,503,なし
ORD500534,2026-03-31,2026-03-31 20:17:52,C100375,2025-01-20,ブロンズ,スマホ,美容,BeautéJP,モイスト+,美容-6934,3650,1,3650,1309,Google広告,なし,0,なし
ORD500409,2026-03-31,2026-03-31 22:50:35,C100225,2025-05-23,シルバー,PC,美容,NaturaSkin,モイスト+,美容-1247,12950,2,25900,13641,自然検索,ポイント,1340,なし
ORD501189,2026-04-01,2026-04-01 09:50:49,C100122,2025-12-11,ブロンズ,スマホ,ファッション,ModeJP,CasualX,ファ-7256,2870,1,2870,1435,メルマガ,なし,0,なし
ORD500348,2026-04-01,2026-04-01 13:07:36,C100454,2025-11-08,ブロンズ,スマホ,美容,NaturaSkin,モイスト+,美容-3680,13730,1,13730,6640,Push通知,ポイント,790,なし
ORD501288,2026-04-01,2026-04-01 14:48:09,C100574,2024-12-01,ブロンズ,PC,ファッション,StreetCo,CasualX,ファ-4654,17840,1,17840,8195,Google広告,なし,0,母の日特集
ORD500631,2026-04-01,2026-04-01 16:01:06,C100332,2025-05-25,ブロンズ,PC,ファッション,ModeJP,CasualX,ファ-9707,13030,1,13030,7463,メルマガ,ポイント,902,なし
ORD501396,2026-04-01,2026-04-01 19:35:45,C100412,2025-05-07,ブロンズ,スマホ,食品,和ごころ,ご褒美グルメ,食品-8509,870,1,870,599,SNS,なし,0,なし
ORD500989,2026-04-01,2026-04-01 19:55:07,C100163,2025-07-20,ブロンズ,スマホ,ファッション,ModeJP,LuxeMode,ファ-6527,11020,1,11020,5368,LINE,なし,0,なし
ORD500929,2026-04-02,2026-04-02 06:37:07,C100058,2026-02-01,ブロンズ,スマホ,食品,和ごころ,ご褒美グルメ,食品-4442,5190,2,10380,6690,自然検索,なし,0,なし
ORD500397,2026-04-02,2026-04-02 09:04:56,C100667,2026-04-02,ゴールド,スマホ,スポーツ,ActiveOne,FlexCore,スポ-3078,3390,2,6780,3973,メルマガ,ポイント,170,なし
ORD500140,2026-04-02,2026-04-02 10:53:21,C100119,2025-02-01,シルバー,スマホ,食品,和ごころ,ご褒美グルメ,食品-1662,2580,1,2580,1881,自然検索,クーポン,300,送料無料キャンペーン
ORD500992,2026-04-02,2026-04-02 11:14:39,C100527,2025-02-18,ブロンズ,PC,ファッション,UNIWEAR,CasualX,ファ-1023,22160,1,22160,10496,メルマガ,クーポン,300,送料無料キャンペーン
ORD501003,2026-04-02,2026-04-02 16:07:55,C100358,2025-01-18,ブロンズ,スマホ,家電,SonyTech,EcoWave,家電-9539,36980,1,36980,27507,自然検索,なし,0,新春セール
ORD500034,2026-04-02,2026-04-02 17:48:39,C100604,2026-03-21,プラチナ,PC,スポーツ,ActiveOne,OutFieldr,スポ-2009,5440,1,5440,3451,Google広告,クーポン,300,なし
ORD500727,2026-04-02,2026-04-02 20:40:26,C100573,2024-12-25,シルバー,スマホ,ファッション,ModeJP,DailyFit,ファ-7366,23380,2,46760,24680,Push通知,ポイント,1675,母の日特集
ORD500443,2026-04-02,2026-04-02 21:56:59,C100450,2026-04-02,シルバー,スマホ,美容,BeautéJP,ピュアケア,美容-8239,16900,2,33800,16705,Google広告,クーポン,1500,なし
ORD500504,2026-04-03,2026-04-03 04:22:31,C100018,2026-03-29,ブロンズ,スマホ,食品,GreenFarm,ご褒美グルメ,食品-5568,7850,2,15700,10638,Google広告,なし,0,なし
ORD500859,2026-04-03,2026-04-03 07:18:09,C100656,2026-02-14,ゴールド,スマホ,スポーツ,ActiveOne,FlexCore,スポ-4389,19680,2,39360,23014,メルマガ,なし,0,なし
ORD500986,2026-04-03,2026-04-03 10:49:17,C100151,2025-05-09,ゴールド,PC,家電,SonyTech,EcoWave,家電-9757,11550,1,11550,9298,Google広告,クーポン,300,送料無料キャンペーン
ORD500717,2026-04-03,2026-04-03 15:04:55,C100583,2024-12-27,ゴールド,スマホ,美容,NaturaSkin,ピュアケア,美容-3122,5260,2,10520,5600,Google広告,クーポン,1500,新春セール
ORD500076,2026-04-03,2026-04-03 19:00:42,C100679,2026-04-03,ブロンズ,スマホ,スポーツ,ActiveOne,FlexCore,スポ-2722,22910,2,45820,26233,Google広告,ポイント,2606,なし
ORD500109,2026-04-04,2026-04-04 11:43:00,C100506,2025-09-30,シルバー,スマホ,家電,東芝ライク,EcoWave,家電-7367,67330,1,67330,55019,Push通知,なし,0,なし
ORD501187,2026-04-04,2026-04-04 14:01:06,C100456,2025-02-20,シルバー,タブレット,ファッション,StreetCo,DailyFit,ファ-8966,12410,3,37230,20798,SNS,なし,0,なし
ORD501285,2026-04-04,2026-04-04 19:49:17,C100056,2025-10-10,ブロンズ,PC,スポーツ,FieldMax,FlexCore,スポ-1969,3650,2,7300,4804,LINE,ポイント,222,送料無料キャンペーン
ORD500814,2026-04-04,2026-04-04 20:48:57,C100488,2026-02-13,ブロンズ,スマホ,食品,旨味屋,ご褒美グルメ,食品-7238,7080,2,14160,8526,Google広告,クーポン,500,なし
ORD501035,2026-04-05,2026-04-05 10:49:30,C100314,2025-04-17,ブロンズ,スマホ,食品,GreenFarm,産直便,食品-9042,7240,3,21720,13388,SNS,ポイント,702,なし
ORD500161,2026-04-05,2026-04-05 11:00:40,C100639,2026-04-05,ゴールド,スマホ,美容,NaturaSkin,ラディア,美容-9202,2890,2,5780,2882,Google広告,なし,0,新春セール
ORD501111,2026-04-05,2026-04-05 12:11:09,C100655,2025-10-01,ブロンズ,PC,食品,GreenFarm,産直便,食品-6646,7390,3,22170,14208,自然検索,クーポン,1500,送料無料キャンペーン
ORD500700,2026-04-05,2026-04-05 13:01:36,C100262,2025-05-19,プラチナ,スマホ,美容,NaturaSkin,モイスト+,美容-4786,14700,2,29400,12768,自然検索,なし,0,週末タイムセール
ORD500608,2026-04-05,2026-04-05 13:01:56,C100251,2025-09-09,ゴールド,PC,家電,SonyTech,EcoWave,家電-1657,41440,1,41440,33721,自然検索,なし,0,週末タイムセール
ORD500862,2026-04-05,2026-04-05 16:15:34,C100323,2026-04-05,シルバー,スマホ,美容,BeautéJP,ピュアケア,美容-8037,4550,2,9100,4913,Google広告,なし,0,なし
ORD500436,2026-04-05,2026-04-05 19:01:20,C100267,2025-06-16,ブロンズ,スマホ,食品,和ごころ,毎日おいしい,食品-3484,1910,2,3820,2466,Google広告,なし,0,なし
ORD500866,2026-04-05,2026-04-05 19:51:41,C100613,2025-07-08,ブロンズ,スマホ,美容,BeautéJP,モイスト+,美容-3125,9600,1,9600,3438,メルマガ,ポイント,638,週末タイムセール
ORD500995,2026-04-05,2026-04-05 20:39:26,C100610,2026-03-25,シルバー,スマホ,家電,Panafit,EcoWave,家電-5634,13370,1,13370,10136,自然検索,なし,0,なし
ORD500360,2026-04-06,2026-04-06 01:20:21,C100442,2025-02-11,ブロンズ,PC,スポーツ,RunPro,SpeedFit,スポ-9657,8980,3,26940,17139,Google広告,なし,0,なし
ORD501043,2026-04-06,2026-04-06 08:46:05,C100045,2026-04-06,シルバー,スマホ,スポーツ,ActiveOne,SpeedFit,スポ-5372,16860,1,16860,11266,Google広告,なし,0,母の日特集
ORD501027,2026-04-06,2026-04-06 11:32:48,C100288,2025-10-07,ゴールド,スマホ,ファッション,StreetCo,LuxeMode,ファ-6044,22460,1,22460,9416,Google広告,ポイント,922,週末タイムセール
ORD500926,2026-04-06,2026-04-06 21:14:04,C100534,2025-10-27,ブロンズ,タブレット,ファッション,StreetCo,CasualX,ファ-3250,2740,2,5480,3222,自然検索,なし,0,送料無料キャンペーン
ORD500373,2026-04-07,2026-04-07 07:38:41,C100442,2025-02-11,ブロンズ,スマホ,家電,SonyTech,EcoWave,家電-7658,25700,1,25700,18577,Google広告,ポイント,732,新春セール
ORD500090,2026-04-07,2026-04-07 08:45:14,C100234,2025-09-08,ゴールド,スマホ,家電,SonyTech,ProLine,家電-3513,24010,1,24010,18597,Google広告,なし,0,なし
ORD500874,2026-04-07,2026-04-07 11:45:20,C100291,2025-04-30,ゴールド,タブレット,美容,NaturaSkin,ラディア,美容-4851,14960,3,44880,18582,自然検索,ポイント,2826,週末タイムセール
ORD501295,2026-04-07,2026-04-07 12:09:20,C100035,2025-01-03,プラチナ,スマホ,ファッション,UNIWEAR,CasualX,ファ-3362,9230,3,27690,16139,Google広告,なし,0,なし
ORD501355,2026-04-07,2026-04-07 15:22:07,C100200,2025-06-27,シルバー,PC,食品,GreenFarm,ご褒美グルメ,食品-2749,1460,1,1460,938,Push通知,なし,0,なし
ORD501281,2026-04-07,2026-04-07 15:30:12,C100321,2025-01-28,シルバー,スマホ,美容,BeautéJP,ラディア,美容-6963,14730,2,29460,13626,自然検索,ポイント,1599,なし
ORD500036,2026-04-07,2026-04-07 15:31:56,C100305,2025-02-16,ブロンズ,PC,スポーツ,ActiveOne,OutFieldr,スポ-5612,20160,3,60480,41730,自然検索,なし,0,なし
ORD500437,2026-04-07,2026-04-07 16:02:08,C100396,2024-12-22,ブロンズ,スマホ,家電,Panafit,EcoWave,家電-5369,14930,1,14930,11432,SNS,なし,0,週末タイムセール
ORD500285,2026-04-07,2026-04-07 17:14:13,C100247,2025-07-26,シルバー,タブレット,ファッション,ModeJP,LuxeMode,ファ-2680,14860,1,14860,8212,Google広告,なし,0,週末タイムセール
ORD501234,2026-04-07,2026-04-07 19:13:52,C100475,2026-02-25,ブロンズ,PC,美容,BeautéJP,ラディア,美容-2124,11020,1,11020,4646,LINE,なし,0,送料無料キャンペーン
ORD500092,2026-04-07,2026-04-07 19:42:48,C100535,2025-02-24,ブロンズ,スマホ,スポーツ,ActiveOne,OutFieldr,スポ-1848,37220,3,111660,65264,メルマガ,なし,0,週末タイムセール
ORD500603,2026-04-07,2026-04-07 21:23:58,C100261,2025-03-05,シルバー,タブレット,ファッション,ModeJP,LuxeMode,ファ-4747,20330,1,20330,8742,SNS,なし,0,なし
ORD500785,2026-04-07,2026-04-07 21:36:02,C100217,2025-01-21,ブロンズ,スマホ,美容,NaturaSkin,ラディア,美容-5251,17590,2,35180,12649,Push通知,なし,0,新春セール
ORD501028,2026-04-08,2026-04-08 10:53:56,C100426,2026-04-08,シルバー,スマホ,食品,GreenFarm,産直便,食品-5650,5510,2,11020,7161,メルマガ,ポイント,361,新春セール
ORD500220,2026-04-08,2026-04-08 12:12:52,C100058,2026-02-01,ブロンズ,PC,家電,東芝ライク,ProLine,家電-7069,70710,2,141420,112355,Push通知,クーポン,300,なし
ORD500125,2026-04-08,2026-04-08 17:37:30,C100483,2026-03-04,シルバー,スマホ,家電,SonyTech,EcoWave,家電-9182,48090,1,48090,37257,Google広告,なし,0,なし
ORD500650,2026-04-08,2026-04-08 18:51:34,C100512,2026-03-29,ゴールド,PC,食品,GreenFarm,ご褒美グルメ,食品-8708,820,2,1640,1096,LINE,ポイント,73,なし
ORD500783,2026-04-08,2026-04-08 18:59:04,C100594,2025-06-01,ブロンズ,スマホ,ファッション,UNIWEAR,LuxeMode,ファ-4595,24390,1,24390,10696,自然検索,なし,0,なし
ORD501341,2026-04-08,2026-04-08 20:41:23,C100515,2025-01-27,ゴールド,スマホ,美容,GlowLab,ラディア,美容-6284,17370,2,34740,18099,Push通知,なし,0,なし
ORD501184,2026-04-09,2026-04-09 06:57:27,C100442,2025-02-11,ブロンズ,PC,スポーツ,ActiveOne,FlexCore,スポ-2564,34030,2,68060,41817,LINE,ポイント,3661,なし
ORD500081,2026-04-09,2026-04-09 09:17:12,C100308,2025-05-29,シルバー,スマホ,ファッション,ModeJP,LuxeMode,ファ-3419,8070,1,8070,3850,メルマガ,なし,0,なし
ORD501020,2026-04-09,2026-04-09 13:49:55,C100576,2026-04-09,ブロンズ,PC,家電,東芝ライク,EcoWave,家電-6580,69130,2,138260,104040,メルマガ,なし,0,なし
ORD500830,2026-04-09,2026-04-09 14:53:08,C100441,2025-05-20,ブロンズ,PC,ファッション,StreetCo,LuxeMode,ファ-9959,7040,2,14080,7793,Google広告,なし,0,なし
ORD500243,2026-04-09,2026-04-09 21:03:12,C100220,2025-02-08,ブロンズ,スマホ,食品,GreenFarm,ご褒美グルメ,食品-8457,1510,1,1510,926,メルマガ,なし,0,なし
ORD500607,2026-04-09,2026-04-09 21:12:18,C100425,2025-03-22,ゴールド,タブレット,スポーツ,ActiveOne,SpeedFit,スポ-9874,37160,1,37160,22286,自然検索,なし,0,送料無料キャンペーン
ORD500647,2026-04-10,2026-04-10 05:36:02,C100122,2025-12-11,ブロンズ,スマホ,美容,NaturaSkin,モイスト+,美容-2181,7700,2,15400,6266,自然検索,なし,0,なし
ORD500673,2026-04-10,2026-04-10 12:13:58,C100107,2025-12-17,シルバー,タブレット,食品,和ごころ,毎日おいしい,食品-4526,5280,2,10560,6627,SNS,なし,0,なし
ORD500811,2026-04-10,2026-04-10 12:54:29,C100357,2026-04-10,ゴールド,スマホ,ファッション,StreetCo,DailyFit,ファ-3082,13530,2,27060,13831,Google広告,ポイント,774,母の日特集
ORD500825,2026-04-10,2026-04-10 13:26:35,C100506,2025-09-30,シルバー,タブレット,美容,BeautéJP,モイスト+,美容-1912,11720,1,11720,4701,Google広告,ポイント,420,なし
ORD500708,2026-04-10,2026-04-10 14:08:14,C100482,2025-04-21,ブロンズ,PC,美容,BeautéJP,モイスト+,美容-7429,4660,2,9320,4279,自然検索,ポイント,497,なし
ORD500890,2026-04-10,2026-04-10 15:33:57,C100534,2025-10-27,ブロンズ,スマホ,ファッション,StreetCo,LuxeMode,ファ-9420,21840,1,21840,9713,自然検索,なし,0,なし
ORD500164,2026-04-10,2026-04-10 16:02:28,C100577,2025-09-26,ゴールド,PC,家電,Panafit,EcoWave,家電-9812,60970,1,60970,43928,自然検索,なし,0,なし
ORD500095,2026-04-10,2026-04-10 20:24:57,C100179,2025-09-13,ブロンズ,PC,スポーツ,ActiveOne,FlexCore,スポ-5470,38760,2,77520,52612,自然検索,なし,0,新春セール
ORD501155,2026-04-11,2026-04-11 10:52:14,C100506,2025-09-30,シルバー,PC,食品,旨味屋,毎日おいしい,食品-7744,6140,3,18420,13505,Google広告,クーポン,1000,なし
ORD501327,2026-04-11,2026-04-11 15:33:15,C100118,2025-04-18,ブロンズ,タブレット,ファッション,ModeJP,CasualX,ファ-8660,19000,3,57000,25545,自然検索,なし,0,送料無料キャンペーン
ORD500188,2026-04-11,2026-04-11 15:49:24,C100373,2025-07-01,プラチナ,PC,ファッション,StreetCo,DailyFit,ファ-6717,17110,1,17110,9323,自然検索,なし,0,新春セール
ORD500324,2026-04-11,2026-04-11 17:21:20,C100490,2026-04-11,ブロンズ,スマホ,美容,GlowLab,ラディア,美容-1981,3010,2,6020,2837,自然検索,クーポン,500,なし
ORD500021,2026-04-11,2026-04-11 18:58:23,C100604,2026-03-21,プラチナ,スマホ,食品,旨味屋,ご褒美グルメ,食品-7799,4630,1,4630,2898,メルマガ,クーポン,300,送料無料キャンペーン
ORD500010,2026-04-11,2026-04-11 20:32:02,C100064,2025-07-23,ブロンズ,スマホ,ファッション,ModeJP,CasualX,ファ-6287,7550,1,7550,3769,Google広告,ポイント,361,なし
ORD500333,2026-04-11,2026-04-11 21:11:15,C100072,2025-08-22,ブロンズ,スマホ,家電,Panafit,EcoWave,家電-3406,57190,1,57190,42809,自然検索,なし,0,なし
ORD501159,2026-04-12,2026-04-12 10:46:19,C100494,2025-05-14,ブロンズ,スマホ,美容,BeautéJP,モイスト+,美容-5103,1200,1,1200,460,LINE,なし,0,送料無料キャンペーン
ORD500663,2026-04-12,2026-04-12 12:18:52,C100122,2025-12-11,ブロンズ,PC,家電,Panafit,EcoWave,家電-2586,63350,2,126700,89486,Google広告,なし,0,なし
ORD500492,2026-04-12,2026-04-12 15:56:01,C100628,2025-09-15,シルバー,タブレット,食品,旨味屋,ご褒美グルメ,食品-1978,7760,1,7760,5061,LINE,なし,0,送料無料キャンペーン
ORD501066,2026-04-12,2026-04-12 17:18:31,C100648,2026-04-12,プラチナ,タブレット,食品,旨味屋,ご褒美グルメ,食品-5924,7100,1,7100,5103,メルマガ,なし,0,なし
ORD500698,2026-04-12,2026-04-12 17:20:45,C100158,2025-09-15,シルバー,PC,食品,旨味屋,毎日おいしい,食品-9203,4910,2,9820,5979,Google広告,クーポン,300,なし
ORD500087,2026-04-12,2026-04-12 18:12:27,C100126,2025-01-11,ブロンズ,PC,食品,GreenFarm,毎日おいしい,食品-5558,3350,1,3350,2152,Google広告,なし,0,新春セール
ORD500512,2026-04-12,2026-04-12 18:35:03,C100371,2025-12-15,ブロンズ,タブレット,美容,NaturaSkin,ラディア,美容-6275,7620,1,7620,3841,自然検索,ポイント,334,週末タイムセール
ORD501194,2026-04-12,2026-04-12 22:33:27,C100291,2025-04-30,ゴールド,スマホ,美容,BeautéJP,ラディア,美容-2991,16790,1,16790,8999,Google広告,なし,0,新春セール
ORD500439,2026-04-13,2026-04-13 07:15:56,C100442,2025-02-11,ブロンズ,タブレット,食品,和ごころ,毎日おいしい,食品-4407,2050,2,4100,2949,Google広告,なし,0,送料無料キャンペーン
ORD500514,2026-04-13,2026-04-13 10:08:16,C100497,2025-07-02,シルバー,スマホ,家電,Panafit,ProLine,家電-4029,57890,1,57890,46811,LINE,クーポン,1500,母の日特集
ORD500187,2026-04-13,2026-04-13 12:03:13,C100349,2025-03-02,ブロンズ,PC,美容,BeautéJP,モイスト+,美容-9562,6660,1,6660,2385,メルマガ,なし,0,母の日特集
ORD500213,2026-04-13,2026-04-13 12:50:10,C100533,2025-05-11,シルバー,スマホ,家電,SonyTech,AlphaGear,家電-9000,37320,1,37320,28869,LINE,ポイント,1321,母の日特集
ORD501210,2026-04-13,2026-04-13 12:51:44,C100199,2026-04-13,ブロンズ,PC,スポーツ,ActiveOne,FlexCore,スポ-1328,10720,1,10720,6109,自然検索,なし,0,週末タイムセール
ORD500137,2026-04-13,2026-04-13 13:26:29,C100330,2025-10-10,ブロンズ,PC,食品,旨味屋,産直便,食品-2093,4190,2,8380,5348,LINE,なし,0,なし
ORD500384,2026-04-13,2026-04-13 14:36:47,C100193,2025-06-24,プラチナ,スマホ,家電,Panafit,EcoWave,家電-6127,21630,2,43260,30722,メルマガ,なし,0,なし
ORD501036,2026-04-13,2026-04-13 16:19:29,C100477,2024-12-07,ブロンズ,スマホ,家電,Panafit,EcoWave,家電-5412,16470,1,16470,12869,LINE,なし,0,なし
ORD500775,2026-04-13,2026-04-13 18:25:48,C100180,2026-04-13,シルバー,スマホ,食品,和ごころ,ご褒美グルメ,食品-7365,6160,2,12320,7901,自然検索,ポイント,301,なし
ORD500234,2026-04-13,2026-04-13 18:48:50,C100443,2025-09-06,ブロンズ,スマホ,食品,和ごころ,毎日おいしい,食品-5844,4810,1,4810,3086,自然検索,なし,0,送料無料キャンペーン
ORD500903,2026-04-13,2026-04-13 20:07:53,C100635,2025-12-29,ゴールド,スマホ,美容,BeautéJP,ラディア,美容-8932,7270,1,7270,3156,SNS,なし,0,なし
ORD501177,2026-04-13,2026-04-13 20:43:49,C100499,2025-08-01,プラチナ,スマホ,ファッション,StreetCo,CasualX,ファ-5266,1850,3,5550,2319,自然検索,なし,0,週末タイムセール
ORD500024,2026-04-13,2026-04-13 22:04:57,C100554,2026-04-13,プラチナ,スマホ,家電,東芝ライク,EcoWave,家電-6347,77080,3,231240,179226,LINE,なし,0,新春セール
ORD500542,2026-04-14,2026-04-14 00:57:40,C100148,2026-03-18,ブロンズ,スマホ,家電,東芝ライク,EcoWave,家電-3474,49050,1,49050,35430,Google広告,なし,0,なし
ORD500658,2026-04-14,2026-04-14 09:41:23,C100096,2025-04-14,プラチナ,タブレット,家電,東芝ライク,ProLine,家電-3962,62960,1,62960,45512,LINE,なし,0,なし
ORD500601,2026-04-14,2026-04-14 10:33:18,C100155,2025-12-15,ゴールド,PC,ファッション,ModeJP,CasualX,ファ-8091,17670,2,35340,19773,SNS,なし,0,新春セール
ORD501331,2026-04-14,2026-04-14 14:54:12,C100584,2025-07-19,ゴールド,タブレット,家電,東芝ライク,EcoWave,家電-9177,25780,2,51560,41977,SNS,ポイント,2149,週末タイムセール
ORD501345,2026-04-14,2026-04-14 16:00:57,C100532,2025-02-25,プラチナ,タブレット,スポーツ,ActiveOne,FlexCore,スポ-4630,5300,1,5300,3591,LINE,なし,0,送料無料キャンペーン
ORD500048,2026-04-14,2026-04-14 23:34:52,C100027,2026-03-19,ブロンズ,スマホ,家電,東芝ライク,ProLine,家電-7559,65360,2,130720,100991,自然検索,ポイント,5528,なし
ORD500598,2026-04-15,2026-04-15 18:12:36,C100682,2026-04-15,シルバー,スマホ,食品,GreenFarm,ご褒美グルメ,食品-9124,920,2,1840,1153,Google広告,なし,0,なし
ORD500533,2026-04-15,2026-04-15 18:34:28,C100506,2025-09-30,シルバー,タブレット,スポーツ,FieldMax,OutFieldr,スポ-8409,17980,1,17980,12339,LINE,なし,0,送料無料キャンペーン
ORD500487,2026-04-16,2026-04-16 08:11:01,C100678,2025-09-26,シルバー,PC,食品,和ごころ,ご褒美グルメ,食品-3884,4320,1,4320,2868,自然検索,なし,0,新春セール
ORD500646,2026-04-16,2026-04-16 09:29:27,C100250,2025-03-11,シルバー,スマホ,家電,SonyTech,AlphaGear,家電-4819,24270,1,24270,19290,Google広告,なし,0,なし
ORD501084,2026-04-16,2026-04-16 11:10:09,C100546,2025-08-02,ブロンズ,タブレット,ファッション,UNIWEAR,CasualX,ファ-8587,6080,1,6080,3220,メルマガ,なし,0,週末タイムセール
ORD500473,2026-04-16,2026-04-16 18:59:30,C100367,2025-05-29,ブロンズ,PC,食品,和ごころ,産直便,食品-2198,5110,2,10220,6457,Google広告,なし,0,なし
ORD500447,2026-04-16,2026-04-16 20:42:59,C100633,2025-07-05,シルバー,PC,スポーツ,RunPro,OutFieldr,スポ-4707,12790,3,38370,21364,メルマガ,ポイント,1906,送料無料キャンペーン
ORD500714,2026-04-17,2026-04-17 08:46:58,C100289,2025-08-28,ゴールド,スマホ,食品,旨味屋,ご褒美グルメ,食品-6728,4990,2,9980,7176,メルマガ,なし,0,なし
ORD500709,2026-04-17,2026-04-17 09:10:33,C100125,2025-10-20,ブロンズ,スマホ,美容,GlowLab,モイスト+,美容-3688,9370,2,18740,9248,Google広告,なし,0,なし
ORD500066,2026-04-17,2026-04-17 10:10:08,C100066,2026-04-17,ブロンズ,タブレット,家電,Panafit,ProLine,家電-4297,62230,2,124460,101577,自然検索,なし,0,なし
ORD501322,2026-04-17,2026-04-17 10:10:47,C100549,2025-12-26,シルバー,スマホ,スポーツ,FieldMax,OutFieldr,スポ-5060,4990,3,14970,9009,Google広告,なし,0,なし
ORD501204,2026-04-17,2026-04-17 11:48:14,C100155,2025-12-15,ゴールド,スマホ,食品,GreenFarm,産直便,食品-1558,6810,2,13620,9626,Push通知,なし,0,母の日特集
ORD501271,2026-04-17,2026-04-17 13:18:32,C100056,2025-10-10,ブロンズ,スマホ,ファッション,UNIWEAR,CasualX,ファ-9042,17800,2,35600,19171,メルマガ,なし,0,なし
ORD500102,2026-04-17,2026-04-17 14:59:41,C100377,2026-02-03,ブロンズ,PC,ファッション,StreetCo,DailyFit,ファ-1834,11920,2,23840,13701,LINE,ポイント,1202,新春セール
ORD501362,2026-04-17,2026-04-17 18:08:29,C100502,2026-04-17,ゴールド,PC,ファッション,UNIWEAR,DailyFit,ファ-8281,10260,2,20520,9821,自然検索,ポイント,1471,なし
ORD501343,2026-04-17,2026-04-17 20:37:54,C100228,2025-10-10,ゴールド,スマホ,ファッション,ModeJP,DailyFit,ファ-2645,8740,3,26220,11397,メルマガ,クーポン,1000,なし
ORD500790,2026-04-18,2026-04-18 06:26:25,C100277,2026-02-23,ブロンズ,スマホ,スポーツ,FieldMax,FlexCore,スポ-6202,37240,3,111720,69725,自然検索,なし,0,週末タイムセール
ORD500162,2026-04-18,2026-04-18 09:15:28,C100139,2025-08-07,シルバー,PC,家電,Panafit,AlphaGear,家電-9374,74980,2,149960,108220,LINE,ポイント,9387,新春セール
ORD500320,2026-04-18,2026-04-18 12:40:49,C100619,2025-02-16,ブロンズ,スマホ,家電,SonyTech,EcoWave,家電-2106,66300,1,66300,47373,自然検索,なし,0,なし
ORD500620,2026-04-18,2026-04-18 13:10:08,C100681,2025-02-14,シルバー,スマホ,食品,GreenFarm,産直便,食品-6269,4870,1,4870,3335,LINE,なし,0,なし
ORD500928,2026-04-18,2026-04-18 17:11:25,C100539,2024-12-09,シルバー,PC,家電,Panafit,AlphaGear,家電-8338,69820,1,69820,52796,自然検索,ポイント,3817,送料無料キャンペーン
ORD500114,2026-04-18,2026-04-18 17:13:47,C100484,2025-08-22,シルバー,タブレット,スポーツ,FieldMax,OutFieldr,スポ-8251,9730,1,9730,6000,Google広告,なし,0,母の日特集
ORD500248,2026-04-18,2026-04-18 17:26:12,C100163,2025-07-20,ブロンズ,スマホ,ファッション,UNIWEAR,DailyFit,ファ-4908,6670,1,6670,2681,SNS,クーポン,500,なし
ORD500330,2026-04-18,2026-04-18 22:37:13,C100656,2026-02-14,ゴールド,スマホ,美容,BeautéJP,モイスト+,美容-3186,2540,1,2540,1034,自然検索,なし,0,なし
ORD500632,2026-04-19,2026-04-19 05:38:54,C100137,2024-12-14,ブロンズ,スマホ,スポーツ,ActiveOne,FlexCore,スポ-6706,10760,2,21520,12001,自然検索,なし,0,なし
ORD500659,2026-04-19,2026-04-19 09:15:08,C100512,2026-03-29,ゴールド,スマホ,食品,GreenFarm,産直便,食品-2657,2930,3,8790,5331,自然検索,なし,0,なし
ORD501073,2026-04-19,2026-04-19 09:41:34,C100621,2025-08-31,ブロンズ,スマホ,食品,GreenFarm,産直便,食品-9014,6450,1,6450,4559,Google広告,クーポン,1500,なし
ORD501280,2026-04-19,2026-04-19 11:17:34,C100390,2026-02-03,ブロンズ,スマホ,ファッション,ModeJP,CasualX,ファ-7478,14840,1,14840,6081,メルマガ,なし,0,母の日特集
ORD500897,2026-04-19,2026-04-19 12:51:23,C100117,2025-02-16,プラチナ,スマホ,食品,和ごころ,ご褒美グルメ,食品-7318,5360,3,16080,10959,メルマガ,ポイント,747,週末タイムセール
ORD500022,2026-04-19,2026-04-19 13:06:55,C100644,2026-02-16,ゴールド,PC,家電,Panafit,ProLine,家電-1346,75040,2,150080,112932,LINE,なし,0,なし
ORD501263,2026-04-19,2026-04-19 14:41:39,C100639,2026-04-19,ゴールド,PC,ファッション,ModeJP,CasualX,ファ-1752,19130,1,19130,7807,Google広告,ポイント,663,なし
ORD500386,2026-04-19,2026-04-19 17:52:13,C100105,2026-02-26,ブロンズ,PC,美容,NaturaSkin,ラディア,美容-6449,17660,1,17660,8149,メルマガ,なし,0,なし
ORD500407,2026-04-19,2026-04-19 18:07:07,C100150,2026-04-07,シルバー,PC,食品,旨味屋,産直便,食品-3604,4950,1,4950,3597,Google広告,なし,0,なし
ORD500428,2026-04-19,2026-04-19 19:28:23,C100466,2025-03-03,ゴールド,スマホ,美容,BeautéJP,モイスト+,美容-1003,5060,1,5060,2414,自然検索,ポイント,204,なし
ORD500692,2026-04-19,2026-04-19 19:39:57,C100004,2025-08-05,シルバー,スマホ,ファッション,UNIWEAR,LuxeMode,ファ-1260,19400,1,19400,10189,Google広告,なし,0,新春セール
ORD500671,2026-04-19,2026-04-19 20:54:10,C100580,2025-01-20,ブロンズ,PC,ファッション,UNIWEAR,DailyFit,ファ-4853,20830,3,62490,27044,SNS,なし,0,週末タイムセール
ORD500682,2026-04-19,2026-04-19 22:36:47,C100610,2026-03-25,シルバー,スマホ,ファッション,UNIWEAR,CasualX,ファ-5256,24020,2,48040,22961,メルマガ,なし,0,母の日特集
ORD500644,2026-04-20,2026-04-20 09:59:22,C100089,2026-03-24,シルバー,PC,美容,BeautéJP,ラディア,美容-3056,12490,2,24980,10273,メルマガ,なし,0,週末タイムセール
ORD500091,2026-04-20,2026-04-20 10:01:17,C100529,2026-04-20,シルバー,PC,スポーツ,RunPro,FlexCore,スポ-1404,21160,2,42320,27627,Push通知,ポイント,2788,なし
ORD500244,2026-04-20,2026-04-20 11:29:26,C100239,2025-11-25,ブロンズ,スマホ,食品,GreenFarm,産直便,食品-8184,1470,1,1470,1062,メルマガ,なし,0,週末タイムセール
ORD500973,2026-04-20,2026-04-20 12:31:11,C100032,2025-01-19,ゴールド,PC,ファッション,ModeJP,LuxeMode,ファ-9909,24700,1,24700,11464,自然検索,クーポン,1500,なし
ORD500223,2026-04-20,2026-04-20 13:36:41,C100027,2026-03-19,ブロンズ,スマホ,食品,GreenFarm,毎日おいしい,食品-8089,4700,1,4700,3226,自然検索,なし,0,なし
ORD501276,2026-04-20,2026-04-20 14:29:04,C100580,2025-01-20,ブロンズ,スマホ,ファッション,UNIWEAR,CasualX,ファ-3992,22840,2,45680,25755,メルマガ,なし,0,なし
ORD500600,2026-04-20,2026-04-20 15:13:31,C100480,2025-05-13,シルバー,スマホ,スポーツ,RunPro,SpeedFit,スポ-6614,14020,3,42060,23945,自然検索,なし,0,なし
ORD500380,2026-04-20,2026-04-20 17:02:33,C100404,2025-09-12,シルバー,スマホ,スポーツ,ActiveOne,FlexCore,スポ-6594,31140,2,62280,39347,自然検索,なし,0,なし
ORD501389,2026-04-20,2026-04-20 19:24:44,C100674,2025-11-22,シルバー,スマホ,美容,GlowLab,ピュアケア,美容-1653,8660,2,17320,8619,自然検索,クーポン,500,なし
ORD500606,2026-04-20,2026-04-20 19:56:18,C100664,2025-11-08,ブロンズ,PC,ファッション,StreetCo,DailyFit,ファ-9287,6270,1,6270,3590,SNS,ポイント,186,なし
ORD501283,2026-04-20,2026-04-20 20:05:26,C100346,2026-04-20,シルバー,スマホ,家電,東芝ライク,EcoWave,家電-1857,45290,2,90580,64829,自然検索,なし,0,なし
ORD500912,2026-04-20,2026-04-20 20:54:56,C100444,2025-09-17,ブロンズ,スマホ,食品,GreenFarm,産直便,食品-5700,4270,2,8540,5748,自然検索,なし,0,なし
ORD500520,2026-04-21,2026-04-21 05:32:53,C100121,2025-12-19,シルバー,PC,食品,GreenFarm,産直便,食品-9811,6460,3,19380,12787,メルマガ,ポイント,466,なし
ORD501044,2026-04-21,2026-04-21 07:02:29,C100414,2024-12-07,ゴールド,スマホ,食品,旨味屋,産直便,食品-2045,3610,1,3610,2272,LINE,なし,0,なし
ORD500827,2026-04-21,2026-04-21 07:56:20,C100075,2025-08-29,ゴールド,スマホ,家電,東芝ライク,EcoWave,家電-7520,22400,2,44800,33321,LINE,なし,0,送料無料キャンペーン
ORD500467,2026-04-21,2026-04-21 09:44:20,C100335,2026-03-10,ブロンズ,スマホ,ファッション,ModeJP,DailyFit,ファ-1278,24210,3,72630,36116,メルマガ,なし,0,週末タイムセール
ORD500335,2026-04-21,2026-04-21 10:31:58,C100508,2025-05-01,ブロンズ,PC,家電,SonyTech,AlphaGear,家電-8711,42000,2,84000,62823,SNS,なし,0,週末タイムセール
ORD500884,2026-04-21,2026-04-21 12:49:16,C100214,2026-01-28,シルバー,スマホ,食品,和ごころ,毎日おいしい,食品-2107,7740,1,7740,5395,自然検索,クーポン,1000,なし
ORD500311,2026-04-21,2026-04-21 13:09:18,C100281,2025-09-05,ゴールド,PC,ファッション,StreetCo,LuxeMode,ファ-3129,22290,3,66870,30146,自然検索,ポイント,1536,なし
ORD500156,2026-04-21,2026-04-21 14:07:23,C100306,2025-05-21,ゴールド,スマホ,家電,東芝ライク,ProLine,家電-9972,40120,1,40120,29775,SNS,クーポン,1000,母の日特集
ORD500405,2026-04-21,2026-04-21 16:16:09,C100323,2026-04-21,シルバー,スマホ,スポーツ,FieldMax,FlexCore,スポ-8879,10330,2,20660,12028,Push通知,クーポン,300,なし
ORD500222,2026-04-21,2026-04-21 16:17:16,C100614,2025-12-29,プラチナ,スマホ,美容,BeautéJP,ピュアケア,美容-2538,17840,1,17840,8074,自然検索,なし,0,送料無料キャンペーン
ORD500122,2026-04-21,2026-04-21 16:59:33,C100449,2025-05-12,シルバー,スマホ,美容,BeautéJP,ラディア,美容-5486,4520,1,4520,1869,自然検索,クーポン,500,送料無料キャンペーン
ORD500934,2026-04-21,2026-04-21 17:11:36,C100688,2025-08-12,ブロンズ,PC,食品,GreenFarm,毎日おいしい,食品-1930,2840,1,2840,2123,Google広告,なし,0,なし
ORD500259,2026-04-21,2026-04-21 19:30:19,C100187,2025-07-05,ブロンズ,タブレット,食品,GreenFarm,ご褒美グルメ,食品-9663,3080,2,6160,3741,Google広告,ポイント,451,なし
ORD500793,2026-04-22,2026-04-22 00:49:37,C100438,2025-01-12,ゴールド,スマホ,ファッション,UNIWEAR,CasualX,ファ-3679,13880,3,41640,23062,Google広告,クーポン,1000,なし
ORD500107,2026-04-22,2026-04-22 05:55:57,C100046,2025-08-12,ゴールド,スマホ,ファッション,StreetCo,DailyFit,ファ-3636,7670,1,7670,4281,メルマガ,なし,0,新春セール
ORD501397,2026-04-22,2026-04-22 09:39:59,C100590,2026-03-06,ブロンズ,スマホ,家電,東芝ライク,ProLine,家電-6091,10770,1,10770,7906,自然検索,なし,0,送料無料キャンペーン
ORD501167,2026-04-22,2026-04-22 12:59:09,C100404,2025-09-12,シルバー,タブレット,家電,SonyTech,ProLine,家電-4957,56260,1,56260,42472,メルマガ,なし,0,週末タイムセール
ORD501261,2026-04-22,2026-04-22 14:01:52,C100233,2026-02-09,ブロンズ,スマホ,スポーツ,ActiveOne,OutFieldr,スポ-1301,39680,1,39680,23560,自然検索,なし,0,母の日特集
ORD500313,2026-04-22,2026-04-22 15:48:55,C100148,2026-03-18,ブロンズ,タブレット,ファッション,ModeJP,LuxeMode,ファ-9903,11020,1,11020,4558,Google広告,なし,0,なし
ORD500200,2026-04-22,2026-04-22 17:13:03,C100550,2026-03-07,シルバー,スマホ,家電,SonyTech,EcoWave,家電-3549,69270,1,69270,51323,自然検索,なし,0,なし
ORD500735,2026-04-22,2026-04-22 22:07:54,C100624,2025-11-12,ブロンズ,スマホ,ファッション,StreetCo,DailyFit,ファ-9076,15690,2,31380,14124,自然検索,なし,0,週末タイムセール
ORD500823,2026-04-23,2026-04-23 08:04:01,C100585,2026-04-23,ブロンズ,スマホ,スポーツ,ActiveOne,SpeedFit,スポ-8345,38490,2,76980,42699,メルマガ,なし,0,なし
ORD500241,2026-04-23,2026-04-23 10:25:08,C100514,2026-04-23,ブロンズ,PC,美容,GlowLab,ピュアケア,美容-5772,2960,1,2960,1232,メルマガ,ポイント,215,なし
ORD500154,2026-04-23,2026-04-23 11:08:24,C100231,2026-04-07,シルバー,スマホ,家電,Panafit,AlphaGear,家電-2456,17990,1,17990,13565,メルマガ,なし,0,なし
ORD501061,2026-04-23,2026-04-23 18:35:00,C100470,2026-01-29,ブロンズ,スマホ,ファッション,StreetCo,LuxeMode,ファ-3688,22380,3,67140,33749,Push通知,ポイント,4145,なし
ORD500394,2026-04-23,2026-04-23 19:36:53,C100385,2025-02-06,シルバー,スマホ,スポーツ,FieldMax,FlexCore,スポ-6765,5950,1,5950,3428,自然検索,クーポン,300,母の日特集
ORD501350,2026-04-23,2026-04-23 21:01:15,C100092,2026-03-30,シルバー,PC,美容,NaturaSkin,ラディア,美容-7712,9040,1,9040,3958,Google広告,なし,0,送料無料キャンペーン
ORD501091,2026-04-24,2026-04-24 09:19:55,C100416,2026-04-24,ブロンズ,スマホ,美容,BeautéJP,モイスト+,美容-5353,11500,3,34500,12363,メルマガ,なし,0,週末タイムセール
ORD501260,2026-04-24,2026-04-24 12:58:17,C100560,2025-10-04,ゴールド,スマホ,食品,和ごころ,毎日おいしい,食品-3001,1180,1,1180,832,Google広告,ポイント,73,新春セール
ORD500796,2026-04-24,2026-04-24 13:56:11,C100221,2025-08-18,ゴールド,スマホ,ファッション,ModeJP,CasualX,ファ-3122,10150,2,20300,9065,自然検索,ポイント,890,なし
ORD500974,2026-04-24,2026-04-24 14:09:58,C100244,2025-11-26,ブロンズ,スマホ,ファッション,UNIWEAR,CasualX,ファ-2438,7250,1,7250,3475,Google広告,ポイント,421,なし
ORD500332,2026-04-24,2026-04-24 14:30:12,C100537,2025-02-01,ブロンズ,スマホ,スポーツ,FieldMax,SpeedFit,スポ-9195,31180,1,31180,20373,Google広告,なし,0,新春セール
ORD500411,2026-04-24,2026-04-24 17:15:38,C100558,2026-03-01,ブロンズ,スマホ,美容,GlowLab,ラディア,美容-3182,6120,2,12240,6709,メルマガ,ポイント,466,週末タイムセール
ORD500720,2026-04-24,2026-04-24 17:39:07,C100015,2026-02-25,ブロンズ,スマホ,ファッション,ModeJP,DailyFit,ファ-7462,18990,1,18990,9286,メルマガ,なし,0,なし
ORD500662,2026-04-25,2026-04-25 06:15:35,C100579,2025-01-24,シルバー,スマホ,家電,東芝ライク,AlphaGear,家電-8051,9250,2,18500,13501,Google広告,なし,0,なし
ORD501326,2026-04-25,2026-04-25 07:36:55,C100407,2025-02-18,プラチナ,PC,家電,SonyTech,EcoWave,家電-7234,52790,1,52790,42035,Google広告,なし,0,新春セール
ORD500977,2026-04-25,2026-04-25 08:45:42,C100577,2025-09-26,ゴールド,PC,美容,BeautéJP,ピュアケア,美容-6013,14930,1,14930,7389,LINE,クーポン,1000,新春セール
ORD500908,2026-04-25,2026-04-25 09:03:40,C100682,2026-04-25,シルバー,PC,ファッション,StreetCo,DailyFit,ファ-4062,17540,1,17540,9507,LINE,ポイント,781,母の日特集
ORD501197,2026-04-25,2026-04-25 09:30:28,C100452,2025-09-12,ゴールド,PC,食品,和ごころ,産直便,食品-4868,4700,1,4700,3304,LINE,ポイント,131,週末タイムセール
ORD500134,2026-04-25,2026-04-25 10:14:49,C100264,2026-04-25,ブロンズ,PC,美容,BeautéJP,ラディア,美容-7839,17860,2,35720,13481,Push通知,なし,0,週末タイムセール
ORD501292,2026-04-25,2026-04-25 12:40:06,C100006,2025-01-15,ゴールド,スマホ,食品,GreenFarm,毎日おいしい,食品-2979,3910,1,3910,2347,自然検索,なし,0,なし
ORD501391,2026-04-25,2026-04-25 17:20:42,C100187,2025-07-05,ブロンズ,スマホ,食品,GreenFarm,毎日おいしい,食品-3765,3490,3,10470,7125,メルマガ,なし,0,週末タイムセール
ORD500817,2026-04-26,2026-04-26 02:45:23,C100394,2026-01-18,シルバー,PC,家電,Panafit,AlphaGear,家電-7394,5670,3,17010,11934,LINE,クーポン,300,週末タイムセール
ORD501205,2026-04-26,2026-04-26 13:47:32,C100327,2024-12-18,シルバー,タブレット,家電,東芝ライク,EcoWave,家電-5094,28060,1,28060,20568,自然検索,ポイント,1111,なし
ORD500235,2026-04-26,2026-04-26 15:37:25,C100434,2025-08-05,プラチナ,スマホ,ファッション,ModeJP,LuxeMode,ファ-3569,8320,1,8320,3851,LINE,なし,0,母の日特集
ORD500025,2026-04-26,2026-04-26 17:58:54,C100297,2025-08-08,シルバー,PC,ファッション,UNIWEAR,LuxeMode,ファ-2158,4280,3,12840,5553,Google広告,なし,0,なし
ORD500984,2026-04-26,2026-04-26 19:13:41,C100234,2025-09-08,ゴールド,PC,美容,GlowLab,ラディア,美容-5858,2290,2,4580,1860,Google広告,ポイント,275,なし
ORD500167,2026-04-26,2026-04-26 19:22:22,C100045,2026-04-26,シルバー,PC,ファッション,ModeJP,DailyFit,ファ-2348,24650,1,24650,11744,自然検索,なし,0,なし
ORD500448,2026-04-26,2026-04-26 19:23:25,C100547,2025-11-04,ブロンズ,PC,ファッション,UNIWEAR,LuxeMode,ファ-3953,11390,3,34170,17031,Google広告,なし,0,なし
ORD500413,2026-04-26,2026-04-26 20:39:13,C100484,2025-08-22,シルバー,スマホ,食品,和ごころ,毎日おいしい,食品-4376,6670,3,20010,14215,メルマガ,なし,0,新春セール
ORD500239,2026-04-27,2026-04-27 00:24:09,C100667,2026-04-10,ゴールド,スマホ,家電,東芝ライク,ProLine,家電-4212,58240,2,116480,85549,SNS,なし,0,送料無料キャンペーン
ORD501138,2026-04-27,2026-04-27 07:19:37,C100616,2025-04-20,プラチナ,スマホ,ファッション,UNIWEAR,LuxeMode,ファ-2740,13880,2,27760,11302,Push通知,ポイント,2129,なし
ORD500475,2026-04-27,2026-04-27 08:40:20,C100304,2025-10-07,ゴールド,スマホ,スポーツ,RunPro,SpeedFit,スポ-1906,19370,2,38740,21960,Push通知,なし,0,なし
ORD500293,2026-04-27,2026-04-27 12:25:37,C100534,2025-10-27,ブロンズ,PC,ファッション,StreetCo,DailyFit,ファ-5890,11220,3,33660,14470,LINE,ポイント,1799,なし
ORD500541,2026-04-27,2026-04-27 13:06:36,C100513,2026-03-15,シルバー,スマホ,食品,和ごころ,産直便,食品-7579,5290,2,10580,7755,メルマガ,ポイント,517,送料無料キャンペーン
ORD500762,2026-04-27,2026-04-27 13:55:16,C100672,2025-12-01,プラチナ,スマホ,ファッション,UNIWEAR,DailyFit,ファ-6790,13830,2,27660,14874,LINE,ポイント,833,なし
ORD500315,2026-04-27,2026-04-27 14:28:04,C100527,2025-02-18,ブロンズ,PC,食品,旨味屋,産直便,食品-3777,5490,3,16470,10089,SNS,なし,0,なし
ORD500455,2026-04-27,2026-04-27 15:23:52,C100219,2026-04-27,シルバー,PC,美容,BeautéJP,モイスト+,美容-7727,9510,2,19020,7273,自然検索,ポイント,637,なし
ORD500707,2026-04-27,2026-04-27 16:48:24,C100309,2025-01-28,ブロンズ,PC,食品,和ごころ,産直便,食品-9781,1270,1,1270,946,自然検索,なし,0,週末タイムセール
ORD501086,2026-04-27,2026-04-27 18:20:33,C100453,2024-12-11,シルバー,PC,食品,和ごころ,毎日おいしい,食品-1830,7540,3,22620,15440,Google広告,なし,0,なし
ORD500004,2026-04-27,2026-04-27 20:17:51,C100399,2025-05-25,ゴールド,スマホ,家電,SonyTech,AlphaGear,家電-4024,37990,2,75980,54652,LINE,なし,0,なし
ORD500374,2026-04-27,2026-04-27 22:03:47,C100145,2026-04-05,シルバー,スマホ,食品,旨味屋,毎日おいしい,食品-9290,2300,1,2300,1527,自然検索,クーポン,500,なし
ORD501056,2026-04-27,2026-04-27 23:48:59,C100207,2026-04-27,シルバー,スマホ,ファッション,UNIWEAR,DailyFit,ファ-9323,5130,1,5130,3016,SNS,クーポン,1500,なし
ORD501314,2026-04-28,2026-04-28 11:19:44,C100089,2026-03-24,シルバー,スマホ,家電,東芝ライク,ProLine,家電-1364,11370,1,11370,8943,Push通知,なし,0,なし
ORD500581,2026-04-28,2026-04-28 14:13:00,C100151,2025-05-09,ゴールド,スマホ,ファッション,StreetCo,DailyFit,ファ-6015,19890,1,19890,11255,自然検索,ポイント,762,なし
ORD501227,2026-04-28,2026-04-28 15:45:26,C100215,2025-05-03,シルバー,スマホ,スポーツ,ActiveOne,SpeedFit,スポ-1506,24110,1,24110,16600,メルマガ,なし,0,週末タイムセール
ORD500252,2026-04-28,2026-04-28 15:54:10,C100248,2026-02-26,プラチナ,スマホ,食品,旨味屋,産直便,食品-8306,1690,1,1690,1188,Push通知,ポイント,72,母の日特集
ORD500706,2026-04-28,2026-04-28 18:27:18,C100427,2026-03-08,ブロンズ,タブレット,ファッション,StreetCo,DailyFit,ファ-4475,17990,3,53970,28688,自然検索,なし,0,週末タイムセール
ORD501000,2026-04-28,2026-04-28 21:03:50,C100030,2025-08-15,シルバー,PC,ファッション,UNIWEAR,CasualX,ファ-9034,14920,1,14920,6840,自然検索,ポイント,546,新春セール
ORD501095,2026-04-28,2026-04-28 22:58:23,C100443,2025-09-06,ブロンズ,スマホ,スポーツ,ActiveOne,OutFieldr,スポ-6348,31910,2,63820,37051,Google広告,なし,0,なし
ORD500911,2026-04-29,2026-04-29 07:02:07,C100659,2025-05-13,シルバー,PC,食品,旨味屋,毎日おいしい,食品-4970,4250,1,4250,2639,SNS,なし,0,なし
ORD501137,2026-04-29,2026-04-29 07:46:38,C100439,2025-07-15,シルバー,PC,スポーツ,RunPro,FlexCore,スポ-1089,38790,1,38790,23468,メルマガ,なし,0,なし
ORD500846,2026-04-29,2026-04-29 07:56:02,C100290,2026-03-10,シルバー,スマホ,食品,旨味屋,毎日おいしい,食品-6001,2820,1,2820,1969,Google広告,クーポン,300,なし
ORD501030,2026-04-29,2026-04-29 08:37:07,C100233,2026-02-09,ブロンズ,スマホ,スポーツ,ActiveOne,SpeedFit,スポ-2415,29820,1,29820,16756,Push通知,クーポン,300,母の日特集
ORD500100,2026-04-29,2026-04-29 08:51:19,C100657,2025-11-29,ブロンズ,スマホ,食品,GreenFarm,産直便,食品-3671,6810,1,6810,4731,Google広告,なし,0,なし
ORD501144,2026-04-29,2026-04-29 14:40:55,C100306,2025-05-21,ゴールド,スマホ,美容,GlowLab,ピュアケア,美容-9238,5550,1,5550,2326,自然検索,なし,0,母の日特集
ORD501211,2026-04-29,2026-04-29 17:06:00,C100156,2025-02-08,ブロンズ,スマホ,家電,Panafit,ProLine,家電-2527,12530,2,25060,19780,メルマガ,クーポン,500,送料無料キャンペーン
ORD500805,2026-04-29,2026-04-29 18:49:24,C100541,2024-12-29,プラチナ,スマホ,ファッション,UNIWEAR,DailyFit,ファ-7645,3540,1,3540,1830,Google広告,なし,0,母の日特集
ORD500265,2026-04-29,2026-04-29 19:39:06,C100640,2025-12-21,シルバー,スマホ,家電,SonyTech,EcoWave,家電-5438,21160,1,21160,15514,Push通知,なし,0,なし
ORD500254,2026-04-29,2026-04-29 20:49:11,C100205,2025-04-30,ブロンズ,スマホ,スポーツ,ActiveOne,OutFieldr,スポ-4819,32400,1,32400,19260,メルマガ,なし,0,週末タイムセール
ORD500764,2026-04-30,2026-04-30 08:40:10,C100104,2026-03-04,ブロンズ,タブレット,食品,旨味屋,ご褒美グルメ,食品-3730,5550,2,11100,6709,自然検索,なし,0,週末タイムセール
ORD500367,2026-04-30,2026-04-30 10:05:24,C100318,2026-04-30,ブロンズ,スマホ,スポーツ,ActiveOne,OutFieldr,スポ-4941,16730,2,33460,21095,Google広告,なし,0,なし
ORD500521,2026-04-30,2026-04-30 10:15:12,C100309,2025-01-28,ブロンズ,スマホ,食品,旨味屋,ご褒美グルメ,食品-2220,4480,2,8960,6579,Google広告,なし,0,送料無料キャンペーン
ORD500627,2026-04-30,2026-04-30 12:18:26,C100160,2026-04-30,ブロンズ,PC,ファッション,StreetCo,CasualX,ファ-1230,5130,1,5130,2840,自然検索,ポイント,240,なし
ORD500185,2026-04-30,2026-04-30 16:53:42,C100643,2025-09-01,ブロンズ,タブレット,ファッション,UNIWEAR,DailyFit,ファ-8937,14570,1,14570,6405,Google広告,クーポン,500,新春セール
ORD500476,2026-04-30,2026-04-30 21:48:53,C100247,2025-07-26,シルバー,スマホ,ファッション,ModeJP,LuxeMode,ファ-5059,19670,1,19670,8291,自然検索,ポイント,931,なし
ORD500519,2026-04-30,2026-04-30 22:36:07,C100282,2025-12-21,ブロンズ,PC,美容,GlowLab,ラディア,美容-7232,2710,1,2710,1304,SNS,なし,0,なし
ORD500987,2026-05-01,2026-05-01 08:23:14,C100449,2025-05-12,シルバー,PC,美容,GlowLab,ラディア,美容-9947,12300,1,12300,4441,LINE,なし,0,なし
ORD500246,2026-05-01,2026-05-01 13:06:20,C100220,2025-02-08,ブロンズ,スマホ,家電,SonyTech,EcoWave,家電-9911,24080,3,72240,58453,自然検索,なし,0,なし
ORD501153,2026-05-01,2026-05-01 14:49:08,C100380,2024-11-30,ブロンズ,スマホ,スポーツ,ActiveOne,OutFieldr,スポ-5610,24360,1,24360,16324,Google広告,なし,0,なし
ORD500604,2026-05-01,2026-05-01 17:46:12,C100319,2026-02-15,ブロンズ,スマホ,家電,Panafit,AlphaGear,家電-1197,14680,3,44040,34743,Google広告,なし,0,なし
ORD500925,2026-05-01,2026-05-01 19:33:03,C100642,2026-04-06,ゴールド,スマホ,美容,NaturaSkin,モイスト+,美容-6554,16670,2,33340,15979,SNS,なし,0,なし
ORD501034,2026-05-01,2026-05-01 21:39:11,C100677,2025-01-15,ブロンズ,スマホ,食品,和ごころ,ご褒美グルメ,食品-6222,6320,2,12640,8238,自然検索,なし,0,なし
ORD500033,2026-05-01,2026-05-01 22:56:02,C100165,2026-03-14,ブロンズ,PC,家電,Panafit,AlphaGear,家電-9395,7870,1,7870,5916,Google広告,クーポン,300,なし
ORD500524,2026-05-02,2026-05-02 06:32:18,C100313,2025-05-09,ブロンズ,スマホ,スポーツ,FieldMax,FlexCore,スポ-4170,3930,2,7860,4527,自然検索,なし,0,なし
ORD500288,2026-05-02,2026-05-02 06:35:42,C100577,2025-09-26,ゴールド,PC,ファッション,ModeJP,LuxeMode,ファ-4223,9180,1,9180,5187,自然検索,なし,0,送料無料キャンペーン
ORD500617,2026-05-02,2026-05-02 06:42:54,C100286,2025-02-28,シルバー,スマホ,美容,GlowLab,ラディア,美容-2796,9990,2,19980,7808,Push通知,ポイント,538,なし
ORD500257,2026-05-02,2026-05-02 08:10:44,C100535,2025-02-24,ブロンズ,スマホ,美容,NaturaSkin,ピュアケア,美容-2361,4880,1,4880,2107,SNS,ポイント,298,新春セール
ORD500746,2026-05-02,2026-05-02 09:51:16,C100247,2025-07-26,シルバー,PC,ファッション,StreetCo,DailyFit,ファ-9602,16690,1,16690,9262,LINE,クーポン,500,なし
ORD500635,2026-05-02,2026-05-02 14:53:49,C100486,2025-06-08,ゴールド,スマホ,美容,NaturaSkin,モイスト+,美容-7484,17050,3,51150,24038,Google広告,クーポン,1500,なし
ORD500621,2026-05-02,2026-05-02 16:43:45,C100610,2026-03-25,シルバー,スマホ,美容,GlowLab,モイスト+,美容-5533,11540,1,11540,4989,Push通知,ポイント,876,母の日特集
ORD500605,2026-05-02,2026-05-02 17:20:17,C100672,2025-12-01,プラチナ,スマホ,ファッション,UNIWEAR,CasualX,ファ-7794,17190,2,34380,18998,Push通知,なし,0,なし
ORD500417,2026-05-03,2026-05-03 05:21:24,C100264,2026-05-03,ブロンズ,スマホ,スポーツ,FieldMax,OutFieldr,スポ-6814,6110,1,6110,3394,メルマガ,クーポン,1000,新春セール
ORD500828,2026-05-03,2026-05-03 06:42:45,C100559,2026-04-04,ブロンズ,PC,食品,旨味屋,産直便,食品-3177,3820,1,3820,2450,自然検索,クーポン,1000,母の日特集
ORD500872,2026-05-03,2026-05-03 09:55:11,C100560,2025-10-04,ゴールド,スマホ,食品,GreenFarm,ご褒美グルメ,食品-2965,2020,2,4040,2952,自然検索,クーポン,500,週末タイムセール
ORD500803,2026-05-03,2026-05-03 10:55:12,C100649,2026-04-03,ブロンズ,スマホ,家電,SonyTech,EcoWave,家電-6216,73810,1,73810,59877,Google広告,ポイント,5208,週末タイムセール
ORD501047,2026-05-03,2026-05-03 19:07:12,C100073,2025-02-10,ブロンズ,スマホ,ファッション,UNIWEAR,CasualX,ファ-2057,10990,1,10990,4510,Push通知,なし,0,なし
ORD501366,2026-05-03,2026-05-03 20:19:56,C100057,2025-02-24,ゴールド,スマホ,ファッション,StreetCo,CasualX,ファ-4089,8840,1,8840,4840,Google広告,ポイント,328,送料無料キャンペーン
ORD501255,2026-05-04,2026-05-04 00:49:53,C100397,2025-03-20,ブロンズ,タブレット,家電,SonyTech,ProLine,家電-4980,35940,3,107820,80213,メルマガ,なし,0,なし
ORD501230,2026-05-04,2026-05-04 10:15:33,C100386,2025-01-05,ブロンズ,スマホ,ファッション,UNIWEAR,DailyFit,ファ-5593,17890,1,17890,8549,自然検索,ポイント,1384,なし
ORD501386,2026-05-04,2026-05-04 11:03:19,C100644,2026-02-16,ゴールド,スマホ,美容,NaturaSkin,モイスト+,美容-9242,12300,2,24600,9551,SNS,なし,0,新春セール
ORD500751,2026-05-04,2026-05-04 11:43:46,C100265,2025-10-30,シルバー,PC,スポーツ,FieldMax,FlexCore,スポ-3063,24360,2,48720,29916,自然検索,なし,0,なし
ORD500753,2026-05-04,2026-05-04 14:33:08,C100079,2025-12-20,ゴールド,PC,家電,東芝ライク,ProLine,家電-1090,8940,1,8940,6665,Google広告,なし,0,なし
ORD500572,2026-05-04,2026-05-04 18:27:37,C100404,2025-09-12,シルバー,スマホ,ファッション,ModeJP,DailyFit,ファ-6124,24710,2,49420,21841,LINE,なし,0,送料無料キャンペーン
ORD500513,2026-05-05,2026-05-05 11:58:59,C100613,2025-07-08,ブロンズ,スマホ,ファッション,UNIWEAR,CasualX,ファ-8660,11710,1,11710,5971,Google広告,ポイント,325,母の日特集
ORD501334,2026-05-05,2026-05-05 12:24:52,C100304,2025-10-07,ゴールド,スマホ,ファッション,UNIWEAR,CasualX,ファ-3698,12550,2,25100,10973,自然検索,なし,0,なし
ORD500740,2026-05-05,2026-05-05 14:19:46,C100551,2025-07-13,ブロンズ,スマホ,ファッション,UNIWEAR,CasualX,ファ-6665,16800,1,16800,6831,自然検索,なし,0,なし
ORD500063,2026-05-05,2026-05-05 17:26:36,C100108,2025-08-27,ゴールド,スマホ,家電,Panafit,AlphaGear,家電-7241,50540,2,101080,74606,Google広告,なし,0,なし
ORD500837,2026-05-05,2026-05-05 19:21:00,C100646,2025-08-21,シルバー,タブレット,スポーツ,ActiveOne,FlexCore,スポ-6520,23090,1,23090,12742,自然検索,なし,0,母の日特集
ORD500279,2026-05-06,2026-05-06 06:39:29,C100624,2025-11-12,ブロンズ,PC,食品,和ごころ,ご褒美グルメ,食品-5644,3050,2,6100,3896,メルマガ,なし,0,送料無料キャンペーン
ORD500306,2026-05-06,2026-05-06 09:16:26,C100214,2026-01-28,シルバー,PC,家電,東芝ライク,AlphaGear,家電-1325,53820,2,107640,86826,自然検索,なし,0,送料無料キャンペーン
ORD500304,2026-05-06,2026-05-06 10:55:45,C100217,2025-01-21,ブロンズ,PC,ファッション,UNIWEAR,CasualX,ファ-5953,20360,1,20360,11709,Push通知,なし,0,なし
ORD500149,2026-05-06,2026-05-06 11:45:35,C100178,2026-05-03,ゴールド,スマホ,スポーツ,RunPro,FlexCore,スポ-3589,27640,2,55280,38248,LINE,クーポン,1500,なし
ORD501250,2026-05-06,2026-05-06 12:06:11,C100017,2025-02-09,シルバー,タブレット,スポーツ,FieldMax,FlexCore,スポ-4144,37810,1,37810,21899,SNS,なし,0,母の日特集
ORD501217,2026-05-06,2026-05-06 12:46:36,C100250,2025-03-11,シルバー,スマホ,ファッション,ModeJP,CasualX,ファ-2703,14680,2,29360,17298,Push通知,ポイント,689,なし
ORD500979,2026-05-06,2026-05-06 19:00:43,C100367,2025-05-29,ブロンズ,スマホ,ファッション,ModeJP,LuxeMode,ファ-6170,13630,2,27260,14821,Push通知,なし,0,なし
ORD500183,2026-05-07,2026-05-07 02:49:16,C100052,2025-06-26,ゴールド,PC,ファッション,UNIWEAR,LuxeMode,ファ-8306,2290,2,4580,2111,LINE,なし,0,なし
ORD501039,2026-05-07,2026-05-07 09:54:50,C100440,2026-05-07,ブロンズ,PC,美容,GlowLab,ピュアケア,美容-6531,16640,2,33280,13389,LINE,クーポン,1000,新春セール
ORD501115,2026-05-07,2026-05-07 17:19:40,C100408,2026-05-07,ブロンズ,タブレット,ファッション,UNIWEAR,DailyFit,ファ-1365,12060,1,12060,6669,SNS,ポイント,252,なし
ORD500194,2026-05-07,2026-05-07 18:30:49,C100556,2026-01-27,シルバー,スマホ,食品,和ごころ,ご褒美グルメ,食品-3964,3620,3,10860,7956,Google広告,なし,0,なし
ORD500232,2026-05-07,2026-05-07 18:32:38,C100344,2026-05-06,ゴールド,スマホ,ファッション,StreetCo,DailyFit,ファ-3461,4580,1,4580,2559,自然検索,なし,0,なし
ORD500465,2026-05-07,2026-05-07 20:08:39,C100160,2026-05-07,ブロンズ,PC,ファッション,ModeJP,LuxeMode,ファ-1983,4270,2,8540,4376,Google広告,ポイント,465,週末タイムセール
ORD501193,2026-05-07,2026-05-07 20:22:52,C100038,2025-05-06,ブロンズ,PC,スポーツ,FieldMax,SpeedFit,スポ-5511,3610,1,3610,2406,LINE,なし,0,新春セール
ORD500433,2026-05-07,2026-05-07 23:31:42,C100413,2025-02-11,ブロンズ,PC,ファッション,ModeJP,CasualX,ファ-4876,2030,1,2030,1004,自然検索,ポイント,121,母の日特集
ORD500575,2026-05-08,2026-05-08 10:17:14,C100518,2025-08-29,ブロンズ,スマホ,美容,GlowLab,ラディア,美容-6515,15830,1,15830,8304,LINE,なし,0,なし
ORD500450,2026-05-08,2026-05-08 10:21:17,C100470,2026-01-29,ブロンズ,PC,ファッション,StreetCo,CasualX,ファ-5164,13550,2,27100,11534,自然検索,ポイント,1766,なし
ORD501102,2026-05-08,2026-05-08 15:17:34,C100267,2025-06-16,ブロンズ,スマホ,食品,和ごころ,産直便,食品-1279,5280,1,5280,3332,SNS,なし,0,なし
ORD500618,2026-05-08,2026-05-08 15:54:25,C100261,2025-03-05,シルバー,スマホ,食品,和ごころ,ご褒美グルメ,食品-8791,1660,1,1660,1162,Google広告,なし,0,なし
ORD500339,2026-05-08,2026-05-08 17:32:30,C100038,2025-05-06,ブロンズ,スマホ,家電,東芝ライク,AlphaGear,家電-9159,26250,1,26250,18621,メルマガ,なし,0,なし
ORD500410,2026-05-08,2026-05-08 19:08:49,C100325,2025-04-09,ブロンズ,スマホ,スポーツ,RunPro,OutFieldr,スポ-2228,25690,2,51380,34936,自然検索,クーポン,500,なし
ORD500168,2026-05-08,2026-05-08 21:40:45,C100311,2025-12-21,ゴールド,スマホ,美容,NaturaSkin,ピュアケア,美容-9777,4150,1,4150,1749,Push通知,クーポン,1500,新春セール
ORD500888,2026-05-08,2026-05-08 22:12:16,C100503,2026-04-14,ゴールド,スマホ,食品,旨味屋,ご褒美グルメ,食品-8435,4710,1,4710,3399,Google広告,なし,0,母の日特集
ORD500238,2026-05-08,2026-05-08 22:33:19,C100194,2026-05-08,ブロンズ,スマホ,ファッション,ModeJP,DailyFit,ファ-6580,17220,1,17220,9056,自然検索,なし,0,送料無料キャンペーン
ORD500316,2026-05-09,2026-05-09 08:44:08,C100479,2025-01-29,ブロンズ,スマホ,ファッション,StreetCo,DailyFit,ファ-7790,7940,3,23820,12787,自然検索,なし,0,週末タイムセール
ORD500509,2026-05-09,2026-05-09 14:48:13,C100316,2026-01-24,ゴールド,PC,家電,東芝ライク,AlphaGear,家電-9602,61450,2,122900,88406,メルマガ,ポイント,3993,母の日特集
ORD501101,2026-05-09,2026-05-09 17:25:34,C100349,2025-03-02,ブロンズ,スマホ,家電,東芝ライク,ProLine,家電-6514,31960,3,95880,74791,自然検索,なし,0,なし
ORD500834,2026-05-09,2026-05-09 17:47:48,C100071,2025-03-16,ブロンズ,スマホ,食品,旨味屋,ご褒美グルメ,食品-6875,1770,2,3540,2459,自然検索,なし,0,送料無料キャンペーン
ORD500147,2026-05-09,2026-05-09 19:04:13,C100691,2026-03-03,シルバー,スマホ,美容,BeautéJP,モイスト+,美容-5749,11720,3,35160,14560,Google広告,ポイント,2809,新春セール
ORD500757,2026-05-09,2026-05-09 22:16:10,C100383,2025-04-15,ブロンズ,PC,美容,BeautéJP,ピュアケア,美容-5582,1560,1,1560,808,メルマガ,クーポン,780,なし
ORD500943,2026-05-10,2026-05-10 06:47:03,C100472,2025-08-04,ブロンズ,PC,美容,NaturaSkin,モイスト+,美容-2467,2370,2,4740,2282,メルマガ,クーポン,500,なし
ORD501118,2026-05-10,2026-05-10 09:41:44,C100144,2026-05-10,ゴールド,PC,食品,和ごころ,ご褒美グルメ,食品-2410,3700,2,7400,5439,Google広告,なし,0,なし
ORD501258,2026-05-10,2026-05-10 18:24:00,C100175,2025-08-21,ブロンズ,スマホ,美容,GlowLab,ピュアケア,美容-3243,4710,2,9420,4650,LINE,なし,0,なし
ORD500517,2026-05-10,2026-05-10 19:11:38,C100585,2026-05-10,ブロンズ,スマホ,家電,Panafit,ProLine,家電-2039,70900,3,212700,150872,自然検索,なし,0,母の日特集
ORD500219,2026-05-10,2026-05-10 20:01:39,C100123,2025-08-27,ブロンズ,スマホ,家電,東芝ライク,EcoWave,家電-3505,29950,1,29950,23671,自然検索,クーポン,500,なし
ORD500098,2026-05-10,2026-05-10 20:15:28,C100539,2024-12-09,シルバー,スマホ,家電,東芝ライク,EcoWave,家電-2026,48000,3,144000,101707,Google広告,なし,0,なし
ORD500918,2026-05-10,2026-05-10 21:11:16,C100245,2025-01-14,ブロンズ,PC,美容,GlowLab,モイスト+,美容-8152,11730,2,23460,8290,LINE,なし,0,母の日特集
ORD500904,2026-05-10,2026-05-10 21:59:17,C100110,2025-05-06,シルバー,PC,ファッション,UNIWEAR,LuxeMode,ファ-7833,1630,3,4890,2822,メルマガ,ポイント,264,送料無料キャンペーン
ORD500970,2026-05-11,2026-05-11 09:09:34,C100391,2025-03-10,ブロンズ,PC,ファッション,UNIWEAR,LuxeMode,ファ-7093,8750,2,17500,9483,Push通知,なし,0,なし
ORD500713,2026-05-11,2026-05-11 11:58:38,C100057,2025-02-24,ゴールド,スマホ,スポーツ,RunPro,FlexCore,スポ-9141,24890,1,24890,13888,自然検索,クーポン,500,なし
ORD500055,2026-05-11,2026-05-11 17:39:28,C100049,2026-02-21,ブロンズ,PC,家電,東芝ライク,ProLine,家電-4710,50390,3,151170,118807,SNS,ポイント,6495,なし
ORD500670,2026-05-11,2026-05-11 17:43:46,C100372,2025-07-22,ブロンズ,スマホ,食品,旨味屋,産直便,食品-9487,6750,1,6750,4305,SNS,なし,0,なし
ORD500668,2026-05-11,2026-05-11 18:22:46,C100455,2025-10-15,ブロンズ,スマホ,家電,Panafit,ProLine,家電-4711,21770,3,65310,48018,Google広告,なし,0,なし
ORD501244,2026-05-11,2026-05-11 20:11:04,C100164,2025-07-27,ブロンズ,スマホ,食品,和ごころ,毎日おいしい,食品-4554,4770,1,4770,3158,自然検索,なし,0,なし
ORD500923,2026-05-11,2026-05-11 21:13:02,C100224,2026-01-19,ゴールド,スマホ,家電,東芝ライク,AlphaGear,家電-2614,8690,3,26070,20595,Google広告,クーポン,500,なし
ORD500978,2026-05-11,2026-05-11 21:43:35,C100316,2026-01-24,ゴールド,スマホ,ファッション,ModeJP,CasualX,ファ-3535,4820,2,9640,5139,Google広告,ポイント,743,新春セール
ORD500191,2026-05-11,2026-05-11 21:48:56,C100371,2025-12-15,ブロンズ,スマホ,食品,GreenFarm,産直便,食品-3626,4290,1,4290,2743,自然検索,なし,0,なし
ORD501320,2026-05-12,2026-05-12 13:06:57,C100361,2026-04-27,シルバー,スマホ,スポーツ,ActiveOne,FlexCore,スポ-8475,16680,1,16680,10730,メルマガ,なし,0,新春セール
ORD500801,2026-05-12,2026-05-12 18:57:06,C100076,2025-06-06,ブロンズ,PC,食品,旨味屋,ご褒美グルメ,食品-9479,1270,2,2540,1632,Google広告,なし,0,週末タイムセール
ORD500308,2026-05-12,2026-05-12 20:25:23,C100267,2025-06-16,ブロンズ,スマホ,ファッション,StreetCo,DailyFit,ファ-5305,7070,2,14140,6290,Google広告,クーポン,1500,なし
ORD500489,2026-05-12,2026-05-12 23:42:05,C100505,2025-08-17,シルバー,タブレット,ファッション,UNIWEAR,LuxeMode,ファ-8084,3370,2,6740,3481,SNS,なし,0,なし
ORD501040,2026-05-13,2026-05-13 10:16:05,C100307,2025-10-14,ブロンズ,スマホ,家電,Panafit,ProLine,家電-2523,68900,1,68900,54016,自然検索,クーポン,1000,なし
ORD500020,2026-05-13,2026-05-13 12:23:16,C100315,2025-12-14,シルバー,スマホ,食品,GreenFarm,産直便,食品-3620,5540,1,5540,3888,Google広告,なし,0,なし
ORD500078,2026-05-13,2026-05-13 14:35:56,C100364,2025-02-02,ゴールド,タブレット,家電,東芝ライク,EcoWave,家電-8735,53560,1,53560,38445,メルマガ,なし,0,なし
ORD500548,2026-05-13,2026-05-13 15:57:20,C100575,2025-07-01,ブロンズ,スマホ,家電,SonyTech,AlphaGear,家電-5153,75880,2,151760,112635,メルマガ,クーポン,500,なし
ORD500067,2026-05-13,2026-05-13 17:11:19,C100276,2025-08-24,ゴールド,PC,ファッション,ModeJP,DailyFit,ファ-7836,5090,1,5090,2132,LINE,なし,0,送料無料キャンペーン
ORD500322,2026-05-13,2026-05-13 17:36:01,C100386,2025-01-05,ブロンズ,スマホ,食品,旨味屋,毎日おいしい,食品-8975,2840,1,2840,1800,自然検索,ポイント,76,なし
ORD500532,2026-05-14,2026-05-14 11:28:19,C100091,2026-03-08,ブロンズ,スマホ,家電,Panafit,AlphaGear,家電-6163,76370,2,152740,116285,LINE,なし,0,なし
ORD501116,2026-05-14,2026-05-14 14:41:24,C100504,2025-05-04,ブロンズ,PC,食品,和ごころ,毎日おいしい,食品-6501,4390,1,4390,3242,Push通知,ポイント,251,新春セール
ORD500093,2026-05-14,2026-05-14 17:47:31,C100599,2025-12-04,ブロンズ,スマホ,家電,東芝ライク,AlphaGear,家電-9808,34890,3,104670,80200,Google広告,なし,0,週末タイムセール
ORD500782,2026-05-14,2026-05-14 17:55:32,C100248,2026-02-26,プラチナ,スマホ,食品,和ごころ,毎日おいしい,食品-5570,3860,1,3860,2488,自然検索,なし,0,新春セール
ORD500597,2026-05-14,2026-05-14 17:56:47,C100233,2026-02-09,ブロンズ,スマホ,ファッション,ModeJP,CasualX,ファ-4337,10340,3,31020,14204,SNS,なし,0,なし
ORD500999,2026-05-14,2026-05-14 19:01:24,C100253,2025-06-06,シルバー,スマホ,ファッション,StreetCo,CasualX,ファ-2841,5720,2,11440,6147,メルマガ,なし,0,週末タイムセール
ORD500083,2026-05-14,2026-05-14 19:06:50,C100659,2025-05-13,シルバー,スマホ,家電,東芝ライク,ProLine,家電-3223,61810,3,185430,134528,SNS,ポイント,14046,なし
ORD500160,2026-05-15,2026-05-15 12:25:32,C100558,2026-03-01,ブロンズ,スマホ,スポーツ,RunPro,FlexCore,スポ-9369,7830,1,7830,5307,Google広告,クーポン,1500,なし
ORD501375,2026-05-15,2026-05-15 16:16:11,C100590,2026-03-06,ブロンズ,スマホ,食品,和ごころ,毎日おいしい,食品-3440,1710,1,1710,1200,Push通知,なし,0,週末タイムセール
ORD500690,2026-05-15,2026-05-15 19:53:58,C100675,2026-01-21,ブロンズ,スマホ,美容,GlowLab,ラディア,美容-2459,3490,3,10470,5072,メルマガ,なし,0,週末タイムセール
ORD501019,2026-05-16,2026-05-16 08:24:59,C100036,2026-04-08,シルバー,スマホ,家電,Panafit,AlphaGear,家電-5435,67350,2,134700,95140,メルマガ,なし,0,なし
ORD500666,2026-05-16,2026-05-16 09:31:57,C100438,2025-01-12,ゴールド,スマホ,スポーツ,FieldMax,FlexCore,スポ-2960,34760,1,34760,22052,自然検索,クーポン,1000,母の日特集
ORD501009,2026-05-16,2026-05-16 14:28:27,C100272,2025-02-22,プラチナ,PC,家電,SonyTech,EcoWave,家電-4808,32220,3,96660,75147,Google広告,ポイント,5090,週末タイムセール
ORD500351,2026-05-16,2026-05-16 16:45:59,C100180,2026-05-16,シルバー,スマホ,家電,東芝ライク,AlphaGear,家電-3678,38350,1,38350,31356,SNS,なし,0,なし
ORD500592,2026-05-16,2026-05-16 18:34:52,C100068,2025-01-10,ブロンズ,スマホ,ファッション,ModeJP,DailyFit,ファ-5896,16280,2,32560,13419,自然検索,なし,0,なし
ORD500058,2026-05-16,2026-05-16 19:47:14,C100556,2026-01-27,シルバー,スマホ,家電,SonyTech,ProLine,家電-9625,37070,2,74140,55140,Google広告,ポイント,3847,新春セール
ORD500393,2026-05-16,2026-05-16 20:35:03,C100242,2025-01-20,ブロンズ,PC,家電,東芝ライク,EcoWave,家電-1569,76870,2,153740,116173,SNS,なし,0,なし
ORD500797,2026-05-16,2026-05-16 21:11:10,C100681,2025-02-14,シルバー,タブレット,家電,Panafit,EcoWave,家電-8600,52720,2,105440,78424,自然検索,なし,0,新春セール
ORD500376,2026-05-16,2026-05-16 22:18:18,C100159,2026-02-24,ブロンズ,スマホ,ファッション,UNIWEAR,CasualX,ファ-2540,16420,2,32840,18964,Google広告,ポイント,2380,なし
ORD500017,2026-05-17,2026-05-17 08:06:27,C100433,2025-02-11,シルバー,スマホ,家電,SonyTech,EcoWave,家電-9662,61070,1,61070,46222,自然検索,クーポン,1500,なし
ORD500847,2026-05-17,2026-05-17 08:57:07,C100610,2026-03-25,シルバー,PC,ファッション,ModeJP,CasualX,ファ-4821,8900,3,26700,13243,LINE,なし,0,母の日特集
ORD501088,2026-05-17,2026-05-17 18:00:30,C100669,2025-02-11,ブロンズ,スマホ,ファッション,ModeJP,DailyFit,ファ-7348,8860,2,17720,7626,メルマガ,なし,0,母の日特集
ORD501240,2026-05-17,2026-05-17 18:09:55,C100116,2024-12-18,シルバー,タブレット,ファッション,StreetCo,DailyFit,ファ-5852,1510,1,1510,696,Google広告,ポイント,102,なし
ORD500732,2026-05-17,2026-05-17 19:40:00,C100455,2025-10-15,ブロンズ,スマホ,ファッション,ModeJP,LuxeMode,ファ-1776,15740,3,47220,28257,Google広告,ポイント,3744,新春セール
ORD500011,2026-05-17,2026-05-17 19:57:07,C100531,2025-03-03,シルバー,スマホ,家電,SonyTech,AlphaGear,家電-2577,6380,2,12760,9853,メルマガ,クーポン,1500,なし
ORD500224,2026-05-17,2026-05-17 20:05:14,C100295,2025-09-24,ゴールド,PC,食品,GreenFarm,産直便,食品-1547,1380,1,1380,966,LINE,ポイント,63,母の日特集
ORD500209,2026-05-17,2026-05-17 20:50:06,C100417,2025-02-05,ブロンズ,スマホ,食品,GreenFarm,ご褒美グルメ,食品-4890,5680,1,5680,4129,自然検索,ポイント,278,なし
ORD500480,2026-05-17,2026-05-17 22:08:00,C100641,2026-05-12,ゴールド,スマホ,美容,NaturaSkin,モイスト+,美容-3986,6060,2,12120,5788,自然検索,なし,0,なし
ORD501348,2026-05-17,2026-05-17 22:48:30,C100258,2025-03-08,シルバー,タブレット,美容,BeautéJP,ラディア,美容-5234,1660,2,3320,1628,自然検索,なし,0,新春セール
ORD500029,2026-05-18,2026-05-18 08:50:16,C100041,2026-02-09,ブロンズ,スマホ,美容,GlowLab,ピュアケア,美容-7498,10180,1,10180,4444,Google広告,なし,0,送料無料キャンペーン
ORD500127,2026-05-18,2026-05-18 11:57:32,C100484,2025-08-22,シルバー,PC,家電,SonyTech,AlphaGear,家電-3298,38700,3,116100,86597,Google広告,ポイント,7523,なし
ORD500014,2026-05-18,2026-05-18 12:27:33,C100447,2026-05-18,ブロンズ,スマホ,家電,東芝ライク,ProLine,家電-1009,3720,1,3720,2651,Push通知,ポイント,112,なし
ORD500358,2026-05-18,2026-05-18 12:57:58,C100690,2026-05-18,ブロンズ,スマホ,ファッション,StreetCo,DailyFit,ファ-8047,4130,1,4130,2020,メルマガ,なし,0,なし
ORD500619,2026-05-18,2026-05-18 13:15:38,C100379,2025-04-28,シルバー,スマホ,美容,NaturaSkin,ピュアケア,美容-8526,8320,1,8320,3872,メルマガ,なし,0,なし
ORD501065,2026-05-18,2026-05-18 13:46:20,C100418,2025-05-17,ブロンズ,スマホ,スポーツ,ActiveOne,SpeedFit,スポ-5347,38590,2,77180,52624,SNS,ポイント,4115,週末タイムセール
ORD500065,2026-05-18,2026-05-18 16:38:36,C100699,2025-01-21,ブロンズ,タブレット,家電,東芝ライク,ProLine,家電-5640,54480,1,54480,38648,Google広告,なし,0,なし
ORD500117,2026-05-18,2026-05-18 17:11:39,C100288,2025-10-07,ゴールド,スマホ,美容,NaturaSkin,モイスト+,美容-9978,9570,1,9570,4876,Google広告,なし,0,なし
ORD500502,2026-05-19,2026-05-19 15:54:46,C100557,2026-04-18,ブロンズ,スマホ,美容,GlowLab,ラディア,美容-5744,7770,3,23310,9361,メルマガ,ポイント,1727,週末タイムセール
ORD500907,2026-05-19,2026-05-19 16:02:57,C100404,2025-09-12,シルバー,PC,食品,GreenFarm,産直便,食品-4152,850,1,850,596,LINE,ポイント,26,新春セール
ORD501169,2026-05-19,2026-05-19 16:16:49,C100342,2025-11-22,ブロンズ,スマホ,ファッション,StreetCo,CasualX,ファ-9965,12200,1,12200,6902,Push通知,ポイント,548,なし
ORD500458,2026-05-19,2026-05-19 16:59:34,C100080,2026-05-19,ゴールド,PC,家電,東芝ライク,EcoWave,家電-3341,35610,1,35610,27715,Push通知,ポイント,1706,送料無料キャンペーン
ORD500046,2026-05-19,2026-05-19 20:24:00,C100476,2026-04-02,シルバー,PC,家電,東芝ライク,AlphaGear,家電-3030,65520,3,196560,139637,メルマガ,なし,0,なし
ORD500816,2026-05-19,2026-05-19 22:45:33,C100414,2024-12-07,ゴールド,スマホ,食品,GreenFarm,毎日おいしい,食品-8472,7000,1,7000,4728,メルマガ,なし,0,なし
ORD500511,2026-05-20,2026-05-20 01:50:20,C100565,2025-04-13,プラチナ,スマホ,食品,旨味屋,ご褒美グルメ,食品-1560,6540,1,6540,4861,Google広告,ポイント,353,送料無料キャンペーン
ORD500537,2026-05-20,2026-05-20 02:01:57,C100523,2026-03-20,ブロンズ,PC,食品,GreenFarm,産直便,食品-2903,6630,2,13260,8479,メルマガ,なし,0,週末タイムセール
ORD500853,2026-05-20,2026-05-20 11:19:21,C100501,2025-12-10,ブロンズ,スマホ,家電,東芝ライク,AlphaGear,家電-4776,55580,2,111160,90507,メルマガ,なし,0,なし
ORD500842,2026-05-20,2026-05-20 11:40:42,C100682,2026-05-20,シルバー,タブレット,食品,和ごころ,産直便,食品-9718,3700,1,3700,2394,SNS,なし,0,母の日特集
ORD500611,2026-05-20,2026-05-20 12:55:31,C100330,2025-10-10,ブロンズ,スマホ,食品,GreenFarm,産直便,食品-1986,4430,2,8860,6422,SNS,なし,0,なし
ORD500913,2026-05-20,2026-05-20 13:43:53,C100132,2025-01-18,シルバー,タブレット,ファッション,UNIWEAR,CasualX,ファ-3006,10950,2,21900,10437,SNS,なし,0,週末タイムセール
ORD500294,2026-05-20,2026-05-20 16:40:46,C100447,2026-05-20,ブロンズ,スマホ,食品,旨味屋,ご褒美グルメ,食品-5332,4410,2,8820,6496,自然検索,ポイント,634,なし
ORD500498,2026-05-20,2026-05-20 18:46:55,C100500,2025-01-31,ブロンズ,スマホ,美容,GlowLab,ラディア,美容-9849,11200,2,22400,11786,Google広告,ポイント,1411,新春セール
ORD501218,2026-05-21,2026-05-21 09:38:13,C100383,2025-04-15,ブロンズ,スマホ,食品,GreenFarm,産直便,食品-9032,2210,2,4420,2962,LINE,なし,0,なし
ORD500813,2026-05-21,2026-05-21 10:40:47,C100615,2025-12-02,シルバー,スマホ,美容,BeautéJP,モイスト+,美容-9538,4360,2,8720,3949,Google広告,ポイント,225,週末タイムセール
ORD500645,2026-05-21,2026-05-21 11:44:07,C100283,2025-09-07,ブロンズ,スマホ,ファッション,StreetCo,DailyFit,ファ-1287,3600,2,7200,3591,自然検索,なし,0,週末タイムセール
ORD500482,2026-05-21,2026-05-21 13:53:14,C100677,2025-01-15,ブロンズ,PC,食品,旨味屋,産直便,食品-9187,7710,2,15420,10831,Google広告,ポイント,1078,なし
ORD500806,2026-05-21,2026-05-21 17:07:58,C100448,2025-09-25,シルバー,スマホ,食品,旨味屋,産直便,食品-1569,2150,2,4300,2827,LINE,なし,0,なし
ORD500591,2026-05-21,2026-05-21 18:12:14,C100684,2025-03-05,ブロンズ,スマホ,食品,GreenFarm,ご褒美グルメ,食品-9114,3630,1,3630,2228,メルマガ,ポイント,276,なし
ORD500588,2026-05-21,2026-05-21 22:33:43,C100060,2026-05-16,シルバー,スマホ,ファッション,StreetCo,DailyFit,ファ-1020,15270,1,15270,6829,メルマガ,ポイント,608,なし
ORD500291,2026-05-21,2026-05-21 23:44:06,C100004,2025-08-05,シルバー,PC,ファッション,UNIWEAR,CasualX,ファ-5309,2060,1,2060,883,Google広告,ポイント,43,なし
ORD501122,2026-05-22,2026-05-22 10:57:26,C100162,2025-07-22,ブロンズ,スマホ,食品,和ごころ,毎日おいしい,食品-6775,1040,3,3120,2282,Push通知,なし,0,なし
ORD500126,2026-05-22,2026-05-22 12:49:14,C100096,2025-04-14,プラチナ,スマホ,ファッション,ModeJP,DailyFit,ファ-9728,11940,1,11940,6401,メルマガ,なし,0,新春セール
ORD500901,2026-05-22,2026-05-22 17:39:54,C100038,2025-05-06,ブロンズ,スマホ,家電,Panafit,ProLine,家電-7576,67880,3,203640,159419,SNS,ポイント,11127,なし
ORD501209,2026-05-22,2026-05-22 18:28:03,C100618,2025-01-01,シルバー,スマホ,食品,旨味屋,ご褒美グルメ,食品-7567,6610,2,13220,9326,Push通知,なし,0,送料無料キャンペーン
ORD501107,2026-05-22,2026-05-22 19:38:33,C100191,2025-11-27,シルバー,タブレット,ファッション,UNIWEAR,CasualX,ファ-9256,2690,3,8070,3583,LINE,ポイント,573,なし
ORD501390,2026-05-22,2026-05-22 22:02:06,C100644,2026-02-16,ゴールド,スマホ,ファッション,ModeJP,CasualX,ファ-6816,7550,2,15100,8333,LINE,ポイント,384,新春セール
ORD501229,2026-05-23,2026-05-23 12:02:03,C100481,2026-03-23,シルバー,スマホ,食品,GreenFarm,毎日おいしい,食品-6621,2350,2,4700,3506,Google広告,なし,0,なし
ORD501002,2026-05-23,2026-05-23 12:33:01,C100218,2025-08-13,ブロンズ,スマホ,ファッション,ModeJP,CasualX,ファ-3608,22700,3,68100,38777,Push通知,クーポン,300,新春セール
ORD500856,2026-05-23,2026-05-23 14:49:42,C100146,2024-12-17,ブロンズ,タブレット,食品,和ごころ,毎日おいしい,食品-3045,6840,1,6840,4495,Google広告,クーポン,1000,なし
ORD500810,2026-05-23,2026-05-23 17:59:02,C100445,2025-12-16,ブロンズ,タブレット,家電,東芝ライク,EcoWave,家電-1747,71740,3,215220,168490,LINE,ポイント,15065,新春セール
ORD501353,2026-05-23,2026-05-23 19:08:50,C100397,2025-03-20,ブロンズ,スマホ,スポーツ,RunPro,SpeedFit,スポ-4295,13250,1,13250,9242,SNS,なし,0,なし
ORD500359,2026-05-23,2026-05-23 20:23:40,C100659,2025-05-13,シルバー,PC,食品,和ごころ,毎日おいしい,食品-9921,5440,1,5440,3866,メルマガ,なし,0,母の日特集
ORD501152,2026-05-23,2026-05-23 21:50:13,C100605,2025-10-03,ゴールド,PC,美容,NaturaSkin,ピュアケア,美容-8849,8830,3,26490,14119,LINE,ポイント,854,なし
ORD500568,2026-05-23,2026-05-23 22:05:18,C100478,2025-12-16,ゴールド,スマホ,ファッション,ModeJP,DailyFit,ファ-4847,22030,2,44060,20209,Google広告,ポイント,1660,なし
ORD500230,2026-05-23,2026-05-23 22:24:40,C100463,2025-07-28,シルバー,PC,美容,GlowLab,モイスト+,美容-5421,9590,2,19180,10249,自然検索,ポイント,1490,送料無料キャンペーン
ORD500472,2026-05-24,2026-05-24 03:42:49,C100415,2025-12-25,ブロンズ,スマホ,ファッション,UNIWEAR,CasualX,ファ-6653,3690,1,3690,2161,SNS,なし,0,新春セール
ORD500788,2026-05-24,2026-05-24 08:03:14,C100206,2026-02-13,ブロンズ,PC,美容,GlowLab,ラディア,美容-6088,7430,1,7430,3311,メルマガ,なし,0,なし
ORD500712,2026-05-24,2026-05-24 13:04:17,C100682,2026-05-24,シルバー,PC,食品,和ごころ,ご褒美グルメ,食品-6736,3110,3,9330,5645,SNS,なし,0,母の日特集
ORD501225,2026-05-24,2026-05-24 13:41:25,C100419,2025-09-16,シルバー,スマホ,食品,和ごころ,ご褒美グルメ,食品-4667,4940,2,9880,7041,SNS,なし,0,送料無料キャンペーン
ORD501046,2026-05-24,2026-05-24 15:12:10,C100273,2026-05-24,シルバー,スマホ,スポーツ,FieldMax,FlexCore,スポ-4921,36240,1,36240,21669,Google広告,ポイント,1808,なし
ORD500026,2026-05-24,2026-05-24 16:30:27,C100303,2026-04-30,ブロンズ,スマホ,家電,東芝ライク,ProLine,家電-7014,11740,1,11740,8755,Google広告,なし,0,なし
ORD500119,2026-05-24,2026-05-24 16:58:52,C100388,2026-04-28,ブロンズ,スマホ,家電,東芝ライク,ProLine,家電-6329,17020,1,17020,12457,メルマガ,ポイント,946,なし
ORD501190,2026-05-24,2026-05-24 19:23:24,C100437,2026-05-18,ブロンズ,タブレット,スポーツ,RunPro,OutFieldr,スポ-1416,10450,1,10450,6749,SNS,なし,0,なし
ORD500808,2026-05-24,2026-05-24 19:35:12,C100570,2026-05-24,ブロンズ,タブレット,美容,BeautéJP,ピュアケア,美容-2277,9780,2,19560,9278,メルマガ,なし,0,週末タイムセール
ORD500426,2026-05-25,2026-05-25 08:03:36,C100092,2026-03-30,シルバー,スマホ,スポーツ,RunPro,FlexCore,スポ-4370,18290,1,18290,11328,メルマガ,ポイント,519,週末タイムセール
ORD500886,2026-05-25,2026-05-25 08:43:15,C100169,2024-12-10,ゴールド,PC,ファッション,ModeJP,DailyFit,ファ-6843,20060,2,40120,17315,Google広告,なし,0,なし
ORD501192,2026-05-25,2026-05-25 11:06:44,C100123,2025-08-27,ブロンズ,スマホ,食品,GreenFarm,産直便,食品-2758,2480,1,2480,1618,メルマガ,なし,0,母の日特集
ORD501185,2026-05-25,2026-05-25 16:22:58,C100227,2025-10-28,シルバー,スマホ,美容,NaturaSkin,ピュアケア,美容-4098,15120,3,45360,17968,Google広告,なし,0,新春セール
ORD500579,2026-05-25,2026-05-25 18:56:30,C100668,2026-05-13,ブロンズ,スマホ,家電,Panafit,ProLine,家電-9579,66820,1,66820,51888,自然検索,クーポン,1000,週末タイムセール
ORD500172,2026-05-25,2026-05-25 20:55:10,C100641,2026-05-12,ゴールド,スマホ,美容,NaturaSkin,ラディア,美容-2162,9020,3,27060,14431,自然検索,なし,0,送料無料キャンペーン
ORD501370,2026-05-26,2026-05-26 00:33:13,C100197,2025-02-03,ブロンズ,タブレット,美容,NaturaSkin,ラディア,美容-2879,1370,1,1370,634,メルマガ,ポイント,37,なし
ORD500739,2026-05-26,2026-05-26 11:01:56,C100040,2025-03-02,シルバー,PC,ファッション,UNIWEAR,DailyFit,ファ-5861,15770,1,15770,7155,Push通知,なし,0,なし
ORD501347,2026-05-26,2026-05-26 18:19:01,C100478,2025-12-16,ゴールド,スマホ,ファッション,StreetCo,DailyFit,ファ-2617,23720,3,71160,39834,メルマガ,なし,0,なし
ORD501303,2026-05-26,2026-05-26 19:22:35,C100150,2026-04-07,シルバー,PC,スポーツ,FieldMax,OutFieldr,スポ-8895,31750,1,31750,19945,LINE,ポイント,1329,新春セール
ORD500039,2026-05-27,2026-05-27 10:22:37,C100079,2025-12-20,ゴールド,スマホ,スポーツ,FieldMax,FlexCore,スポ-3453,23400,1,23400,13024,自然検索,なし,0,なし
ORD500068,2026-05-27,2026-05-27 11:13:20,C100175,2025-08-21,ブロンズ,スマホ,ファッション,ModeJP,LuxeMode,ファ-7756,24840,1,24840,12287,SNS,ポイント,1778,なし
ORD500028,2026-05-27,2026-05-27 14:08:25,C100255,2025-02-18,ゴールド,スマホ,食品,旨味屋,産直便,食品-9940,4240,3,12720,9463,SNS,ポイント,484,送料無料キャンペーン
ORD501313,2026-05-27,2026-05-27 15:48:53,C100514,2026-05-27,ブロンズ,PC,ファッション,StreetCo,CasualX,ファ-3018,11240,2,22480,11811,自然検索,なし,0,母の日特集
ORD500887,2026-05-27,2026-05-27 18:47:35,C100452,2025-09-12,ゴールド,PC,ファッション,ModeJP,DailyFit,ファ-6874,10510,1,10510,4498,自然検索,なし,0,なし
ORD501287,2026-05-27,2026-05-27 19:28:43,C100473,2025-08-25,シルバー,PC,ファッション,UNIWEAR,LuxeMode,ファ-3921,2510,1,2510,1335,自然検索,なし,0,なし
ORD500500,2026-05-27,2026-05-27 19:34:53,C100253,2025-06-06,シルバー,PC,ファッション,StreetCo,CasualX,ファ-3647,14680,2,29360,12797,LINE,なし,0,送料無料キャンペーン
ORD500855,2026-05-27,2026-05-27 20:55:50,C100411,2025-04-09,ブロンズ,スマホ,家電,SonyTech,EcoWave,家電-2263,59030,1,59030,47896,SNS,ポイント,4030,なし
ORD501360,2026-05-27,2026-05-27 21:41:08,C100581,2026-03-25,ブロンズ,スマホ,ファッション,UNIWEAR,DailyFit,ファ-7466,4340,2,8680,5067,SNS,ポイント,364,なし
ORD501318,2026-05-27,2026-05-27 22:50:47,C100206,2026-02-13,ブロンズ,PC,美容,BeautéJP,ラディア,美容-7316,9440,3,28320,11123,自然検索,なし,0,なし
ORD500990,2026-05-28,2026-05-28 08:37:19,C100202,2025-09-10,ブロンズ,スマホ,家電,Panafit,ProLine,家電-5950,13750,1,13750,10128,Google広告,なし,0,なし
ORD500917,2026-05-28,2026-05-28 08:57:42,C100296,2026-04-03,ブロンズ,PC,ファッション,UNIWEAR,DailyFit,ファ-9905,8040,1,8040,3831,メルマガ,ポイント,356,週末タイムセール
ORD500868,2026-05-28,2026-05-28 12:14:25,C100234,2025-09-08,ゴールド,タブレット,食品,GreenFarm,ご褒美グルメ,食品-6914,1870,1,1870,1208,Push通知,なし,0,新春セール
ORD500738,2026-05-28,2026-05-28 17:26:12,C100419,2025-09-16,シルバー,スマホ,家電,Panafit,EcoWave,家電-9125,50630,1,50630,40782,自然検索,なし,0,新春セール
ORD500960,2026-05-28,2026-05-28 19:40:43,C100640,2025-12-21,シルバー,スマホ,スポーツ,ActiveOne,OutFieldr,スポ-9408,38700,2,77400,54150,自然検索,ポイント,2376,なし
ORD500438,2026-05-29,2026-05-29 12:13:05,C100052,2025-06-26,ゴールド,PC,ファッション,StreetCo,CasualX,ファ-1766,21190,1,21190,10001,自然検索,なし,0,なし
ORD501092,2026-05-29,2026-05-29 12:49:18,C100016,2025-09-20,ゴールド,スマホ,ファッション,StreetCo,DailyFit,ファ-8741,20730,1,20730,8525,SNS,クーポン,500,なし
ORD500680,2026-05-29,2026-05-29 13:27:11,C100389,2025-02-23,ブロンズ,スマホ,スポーツ,RunPro,SpeedFit,スポ-9859,21760,1,21760,12893,自然検索,ポイント,1387,週末タイムセール
ORD500829,2026-05-29,2026-05-29 15:40:32,C100273,2026-05-29,シルバー,PC,美容,GlowLab,ピュアケア,美容-3968,4690,1,4690,2328,自然検索,なし,0,送料無料キャンペーン
ORD500138,2026-05-29,2026-05-29 17:39:17,C100548,2025-09-22,ブロンズ,タブレット,ファッション,StreetCo,CasualX,ファ-7041,5510,1,5510,2743,Push通知,クーポン,500,週末タイムセール
ORD500705,2026-05-29,2026-05-29 20:15:33,C100087,2025-05-27,シルバー,PC,美容,BeautéJP,ピュアケア,美容-7025,7000,2,14000,5283,メルマガ,ポイント,841,なし
ORD501022,2026-05-30,2026-05-30 04:26:57,C100110,2025-05-06,シルバー,タブレット,食品,旨味屋,産直便,食品-3234,2030,2,4060,2572,メルマガ,なし,0,週末タイムセール
ORD501304,2026-05-30,2026-05-30 10:13:58,C100261,2025-03-05,シルバー,スマホ,食品,和ごころ,産直便,食品-9853,4760,2,9520,6604,自然検索,なし,0,新春セール
ORD501392,2026-05-30,2026-05-30 13:50:56,C100557,2026-04-18,ブロンズ,スマホ,ファッション,StreetCo,DailyFit,ファ-4291,18730,2,37460,16817,自然検索,なし,0,母の日特集
ORD501151,2026-05-30,2026-05-30 14:35:57,C100217,2025-01-21,ブロンズ,PC,食品,旨味屋,産直便,食品-7482,7860,1,7860,5145,SNS,クーポン,500,なし
ORD501024,2026-05-30,2026-05-30 14:41:13,C100551,2025-07-13,ブロンズ,スマホ,家電,東芝ライク,AlphaGear,家電-8648,13940,1,13940,11215,Google広告,なし,0,なし
ORD500674,2026-05-30,2026-05-30 16:43:12,C100532,2025-02-25,プラチナ,スマホ,美容,GlowLab,ピュアケア,美容-6672,2520,1,2520,924,Push通知,なし,0,なし
ORD500061,2026-05-30,2026-05-30 18:24:26,C100493,2025-11-11,ブロンズ,PC,ファッション,ModeJP,DailyFit,ファ-2527,11380,2,22760,12469,自然検索,なし,0,なし
ORD500366,2026-05-30,2026-05-30 18:31:40,C100208,2025-04-28,シルバー,スマホ,美容,BeautéJP,ピュアケア,美容-2947,11050,2,22100,11187,自然検索,ポイント,1480,週末タイムセール
ORD500748,2026-05-30,2026-05-30 18:53:30,C100434,2025-08-05,プラチナ,PC,美容,NaturaSkin,ピュアケア,美容-5926,17990,2,35980,17494,メルマガ,クーポン,500,なし
ORD501052,2026-05-30,2026-05-30 18:55:49,C100433,2025-02-11,シルバー,スマホ,食品,旨味屋,ご褒美グルメ,食品-3089,980,1,980,637,LINE,なし,0,週末タイムセール
ORD500343,2026-05-30,2026-05-30 20:13:27,C100601,2026-02-21,ブロンズ,スマホ,ファッション,UNIWEAR,LuxeMode,ファ-5589,17630,3,52890,29917,SNS,ポイント,3448,送料無料キャンペーン
ORD501293,2026-05-30,2026-05-30 21:39:42,C100373,2025-07-01,プラチナ,PC,美容,NaturaSkin,ピュアケア,美容-4070,6360,2,12720,4648,Google広告,なし,0,なし
ORD500723,2026-05-30,2026-05-30 22:10:26,C100354,2026-05-30,ブロンズ,スマホ,食品,GreenFarm,ご褒美グルメ,食品-2808,3430,2,6860,4430,自然検索,ポイント,233,なし
ORD500163,2026-05-31,2026-05-31 08:16:43,C100424,2025-07-26,ブロンズ,スマホ,家電,東芝ライク,AlphaGear,家電-5476,7670,3,23010,18425,Push通知,ポイント,1552,なし
ORD500920,2026-05-31,2026-05-31 17:10:53,C100607,2025-09-21,シルバー,スマホ,ファッション,StreetCo,CasualX,ファ-7508,6480,2,12960,6597,自然検索,なし,0,新春セール
ORD500399,2026-05-31,2026-05-31 19:44:09,C100613,2025-07-08,ブロンズ,スマホ,ファッション,StreetCo,LuxeMode,ファ-3896,6750,1,6750,3094,LINE,なし,0,送料無料キャンペーン
ORD500628,2026-05-31,2026-05-31 20:10:47,C100385,2025-02-06,シルバー,スマホ,美容,GlowLab,ラディア,美容-5624,17020,2,34040,13281,SNS,ポイント,1103,週末タイムセール
ORD500123,2026-05-31,2026-05-31 21:03:31,C100546,2025-08-02,ブロンズ,スマホ,ファッション,ModeJP,CasualX,ファ-4777,21990,1,21990,12768,Push通知,なし,0,なし
ORD501195,2026-05-31,2026-05-31 21:45:07,C100065,2025-06-03,ブロンズ,PC,家電,Panafit,ProLine,家電-3487,10550,3,31650,23581,メルマガ,ポイント,1046,週末タイムセール
ORD500347,2026-06-01,2026-06-01 07:58:28,C100455,2025-10-15,ブロンズ,タブレット,家電,SonyTech,ProLine,家電-1033,35340,1,35340,26479,Google広告,なし,0,送料無料キャンペーン
ORD501011,2026-06-01,2026-06-01 09:13:52,C100482,2025-04-21,ブロンズ,スマホ,ファッション,ModeJP,LuxeMode,ファ-4579,6290,1,6290,3216,自然検索,ポイント,168,なし
ORD500218,2026-06-01,2026-06-01 10:12:06,C100527,2025-02-18,ブロンズ,スマホ,食品,和ごころ,ご褒美グルメ,食品-4740,4200,2,8400,6222,LINE,ポイント,277,なし
ORD500096,2026-06-01,2026-06-01 11:09:55,C100658,2025-01-08,シルバー,スマホ,食品,旨味屋,産直便,食品-7488,2670,1,2670,1763,Google広告,ポイント,64,新春セール
ORD501094,2026-06-01,2026-06-01 11:36:16,C100544,2026-03-23,ゴールド,PC,ファッション,ModeJP,LuxeMode,ファ-5197,7850,2,15700,7187,自然検索,ポイント,541,週末タイムセール
ORD500342,2026-06-01,2026-06-01 13:20:07,C100696,2026-01-19,ブロンズ,スマホ,食品,旨味屋,ご褒美グルメ,食品-9106,5430,2,10860,6741,自然検索,なし,0,新春セール
ORD500131,2026-06-01,2026-06-01 14:40:42,C100527,2025-02-18,ブロンズ,PC,家電,SonyTech,AlphaGear,家電-5158,50290,2,100580,74437,Push通知,なし,0,なし
ORD501236,2026-06-01,2026-06-01 18:43:04,C100286,2025-02-28,シルバー,タブレット,家電,SonyTech,EcoWave,家電-2982,12670,2,25340,17900,自然検索,なし,0,なし
ORD500120,2026-06-01,2026-06-01 18:51:22,C100363,2026-04-29,ゴールド,スマホ,ファッション,UNIWEAR,DailyFit,ファ-8044,4860,1,4860,2553,Google広告,クーポン,300,なし
ORD500116,2026-06-01,2026-06-01 21:05:55,C100507,2025-04-19,ゴールド,PC,家電,SonyTech,EcoWave,家電-8612,51630,1,51630,37205,Google広告,ポイント,2848,送料無料キャンペーン
ORD500567,2026-06-01,2026-06-01 21:21:44,C100178,2026-05-03,ゴールド,スマホ,ファッション,ModeJP,LuxeMode,ファ-3638,1590,3,4770,2502,メルマガ,クーポン,1000,なし
ORD500677,2026-06-01,2026-06-01 21:29:28,C100126,2025-01-11,ブロンズ,スマホ,家電,東芝ライク,ProLine,家電-6427,23790,1,23790,17806,自然検索,ポイント,971,新春セール
ORD501070,2026-06-01,2026-06-01 22:36:30,C100270,2025-05-16,ゴールド,スマホ,食品,旨味屋,毎日おいしい,食品-2064,5410,3,16230,10679,Google広告,なし,0,母の日特集
ORD501013,2026-06-01,2026-06-01 23:05:22,C100682,2026-06-01,シルバー,スマホ,ファッション,UNIWEAR,DailyFit,ファ-8886,18430,1,18430,8188,SNS,ポイント,1044,なし
ORD501076,2026-06-02,2026-06-02 01:15:50,C100357,2026-04-28,ゴールド,スマホ,食品,和ごころ,産直便,食品-3124,2590,1,2590,1698,Push通知,なし,0,新春セール
ORD500015,2026-06-02,2026-06-02 06:56:20,C100150,2026-04-07,シルバー,スマホ,食品,GreenFarm,毎日おいしい,食品-3710,5690,1,5690,4183,Google広告,なし,0,なし
ORD500249,2026-06-02,2026-06-02 11:19:14,C100009,2025-01-20,シルバー,スマホ,家電,東芝ライク,ProLine,家電-7463,29150,1,29150,21398,Push通知,なし,0,なし
ORD501306,2026-06-02,2026-06-02 11:51:12,C100564,2026-04-26,プラチナ,スマホ,家電,Panafit,EcoWave,家電-3508,49050,1,49050,38337,メルマガ,ポイント,1336,なし
ORD500341,2026-06-02,2026-06-02 17:10:26,C100291,2025-04-30,ゴールド,スマホ,家電,東芝ライク,EcoWave,家電-1727,34840,2,69680,53657,自然検索,クーポン,1500,母の日特集
ORD500963,2026-06-02,2026-06-02 18:28:36,C100369,2026-02-17,プラチナ,スマホ,ファッション,StreetCo,LuxeMode,ファ-3507,11920,3,35760,16514,Push通知,ポイント,1848,なし
ORD500965,2026-06-02,2026-06-02 19:32:12,C100494,2025-05-14,ブロンズ,スマホ,家電,SonyTech,ProLine,家電-6371,31700,2,63400,47016,SNS,なし,0,週末タイムセール
ORD500182,2026-06-03,2026-06-03 00:25:14,C100043,2025-06-20,シルバー,PC,家電,東芝ライク,AlphaGear,家電-6641,30080,1,30080,21812,自然検索,なし,0,なし
ORD501181,2026-06-03,2026-06-03 09:28:59,C100150,2026-04-07,シルバー,スマホ,美容,BeautéJP,ピュアケア,美容-7632,15800,2,31600,14905,Push通知,ポイント,1404,なし
ORD500193,2026-06-03,2026-06-03 11:27:22,C100131,2025-10-14,ブロンズ,スマホ,食品,GreenFarm,産直便,食品-8947,6600,1,6600,4434,Push通知,なし,0,なし
ORD500832,2026-06-03,2026-06-03 14:12:41,C100546,2025-08-02,ブロンズ,スマホ,ファッション,StreetCo,DailyFit,ファ-7850,11950,1,11950,6921,Google広告,なし,0,なし
ORD501344,2026-06-03,2026-06-03 15:16:46,C100010,2025-09-28,プラチナ,スマホ,スポーツ,ActiveOne,FlexCore,スポ-7153,29010,1,29010,16453,LINE,なし,0,なし
ORD501188,2026-06-03,2026-06-03 16:02:03,C100506,2025-09-30,シルバー,スマホ,ファッション,StreetCo,DailyFit,ファ-4765,9080,1,9080,4415,LINE,なし,0,新春セール
ORD500637,2026-06-03,2026-06-03 16:34:02,C100269,2025-11-04,ブロンズ,スマホ,ファッション,StreetCo,DailyFit,ファ-1692,8970,2,17940,8395,Google広告,ポイント,818,なし
ORD501166,2026-06-03,2026-06-03 19:35:53,C100479,2025-01-29,ブロンズ,スマホ,ファッション,ModeJP,CasualX,ファ-6472,15870,2,31740,17693,Google広告,なし,0,母の日特集
ORD501273,2026-06-03,2026-06-03 19:55:33,C100207,2026-06-03,シルバー,スマホ,スポーツ,RunPro,SpeedFit,スポ-8580,9140,1,9140,5311,Google広告,クーポン,1000,なし
ORD500299,2026-06-03,2026-06-03 20:51:14,C100610,2026-03-25,シルバー,スマホ,美容,NaturaSkin,ピュアケア,美容-2824,7980,1,7980,2828,自然検索,なし,0,なし
ORD500365,2026-06-03,2026-06-03 21:08:28,C100619,2025-02-16,ブロンズ,スマホ,スポーツ,ActiveOne,OutFieldr,スポ-4499,31790,1,31790,20748,SNS,なし,0,新春セール
ORD500882,2026-06-03,2026-06-03 22:59:52,C100332,2025-05-25,ブロンズ,スマホ,美容,BeautéJP,ラディア,美容-1936,12690,1,12690,6908,メルマガ,なし,0,なし
ORD500207,2026-06-04,2026-06-04 13:24:51,C100630,2026-01-28,プラチナ,PC,食品,GreenFarm,産直便,食品-1005,5190,2,10380,6667,Google広告,なし,0,母の日特集
ORD500716,2026-06-04,2026-06-04 17:54:51,C100022,2025-03-12,ブロンズ,PC,食品,和ごころ,毎日おいしい,食品-9369,4930,1,4930,3636,メルマガ,ポイント,176,送料無料キャンペーン
ORD500640,2026-06-04,2026-06-04 21:18:15,C100287,2025-10-24,シルバー,スマホ,美容,BeautéJP,モイスト+,美容-3999,9880,1,9880,4175,Google広告,なし,0,なし
ORD500190,2026-06-05,2026-06-05 04:28:08,C100659,2025-05-13,シルバー,スマホ,ファッション,ModeJP,DailyFit,ファ-8834,24980,1,24980,14751,自然検索,なし,0,なし
ORD501143,2026-06-05,2026-06-05 08:04:59,C100193,2025-06-24,プラチナ,スマホ,美容,BeautéJP,ピュアケア,美容-3853,9100,1,9100,3570,LINE,なし,0,新春セール
ORD501359,2026-06-05,2026-06-05 08:56:50,C100186,2025-03-03,シルバー,スマホ,スポーツ,ActiveOne,OutFieldr,スポ-1664,9200,3,27600,18573,自然検索,クーポン,1000,なし
ORD501032,2026-06-05,2026-06-05 12:13:40,C100138,2025-06-16,シルバー,PC,食品,和ごころ,産直便,食品-7799,3920,1,3920,2480,メルマガ,なし,0,なし
ORD500228,2026-06-05,2026-06-05 12:34:12,C100600,2025-11-19,シルバー,スマホ,食品,旨味屋,ご褒美グルメ,食品-5056,1930,2,3860,2626,自然検索,なし,0,送料無料キャンペーン
ORD501130,2026-06-05,2026-06-05 13:14:56,C100692,2026-05-21,シルバー,PC,ファッション,UNIWEAR,CasualX,ファ-1977,12760,1,12760,6639,メルマガ,ポイント,514,週末タイムセール
ORD501160,2026-06-05,2026-06-05 16:00:50,C100435,2025-02-06,ブロンズ,スマホ,食品,和ごころ,ご褒美グルメ,食品-5573,1600,1,1600,993,Google広告,クーポン,500,母の日特集
ORD501109,2026-06-05,2026-06-05 16:36:58,C100159,2026-02-24,ブロンズ,スマホ,ファッション,StreetCo,LuxeMode,ファ-7532,20700,3,62100,36255,Push通知,なし,0,なし
ORD501059,2026-06-05,2026-06-05 18:13:38,C100493,2025-11-11,ブロンズ,PC,スポーツ,RunPro,OutFieldr,スポ-5250,10240,2,20480,12314,自然検索,なし,0,新春セール
ORD501296,2026-06-05,2026-06-05 18:36:29,C100658,2025-01-08,シルバー,スマホ,スポーツ,FieldMax,SpeedFit,スポ-5336,36260,3,108780,74971,Google広告,なし,0,なし
ORD500301,2026-06-05,2026-06-05 18:43:28,C100566,2025-04-08,ブロンズ,タブレット,ファッション,UNIWEAR,LuxeMode,ファ-2224,12680,2,25360,12951,自然検索,なし,0,新春セール
ORD500446,2026-06-06,2026-06-06 13:04:14,C100315,2025-12-14,シルバー,スマホ,スポーツ,RunPro,SpeedFit,スポ-5582,19670,1,19670,11567,Google広告,なし,0,なし
ORD500527,2026-06-06,2026-06-06 13:11:12,C100186,2025-03-03,シルバー,PC,美容,GlowLab,ピュアケア,美容-5830,12050,2,24100,9943,SNS,なし,0,なし
ORD500503,2026-06-06,2026-06-06 14:50:48,C100083,2026-03-24,ゴールド,スマホ,家電,SonyTech,ProLine,家電-5754,44420,1,44420,31219,LINE,なし,0,送料無料キャンペーン
ORD501299,2026-06-06,2026-06-06 15:36:49,C100498,2026-05-18,ブロンズ,タブレット,家電,東芝ライク,AlphaGear,家電-4230,12600,1,12600,10300,Push通知,ポイント,423,なし
ORD500180,2026-06-06,2026-06-06 15:49:10,C100018,2026-03-29,ブロンズ,スマホ,家電,SonyTech,EcoWave,家電-7542,14240,3,42720,34296,自然検索,なし,0,新春セール
ORD501357,2026-06-06,2026-06-06 17:26:54,C100368,2024-12-09,シルバー,タブレット,美容,NaturaSkin,ピュアケア,美容-5793,14390,3,43170,16627,自然検索,なし,0,週末タイムセール
ORD501226,2026-06-06,2026-06-06 17:26:55,C100359,2026-02-04,シルバー,タブレット,美容,NaturaSkin,モイスト+,美容-7490,14730,2,29460,14062,自然検索,なし,0,なし
ORD500622,2026-06-06,2026-06-06 18:52:57,C100480,2025-05-13,シルバー,スマホ,食品,GreenFarm,産直便,食品-6721,2910,1,2910,1821,Push通知,クーポン,300,なし
ORD500697,2026-06-06,2026-06-06 21:07:39,C100356,2025-02-22,ゴールド,PC,美容,BeautéJP,ラディア,美容-4315,2980,1,2980,1299,Google広告,なし,0,送料無料キャンペーン
ORD500468,2026-06-06,2026-06-06 23:46:20,C100546,2025-08-02,ブロンズ,スマホ,ファッション,UNIWEAR,LuxeMode,ファ-1840,3410,1,3410,2034,自然検索,なし,0,母の日特集
ORD500392,2026-06-07,2026-06-07 07:38:11,C100674,2025-11-22,シルバー,スマホ,スポーツ,FieldMax,SpeedFit,スポ-5910,5240,1,5240,3248,自然検索,クーポン,300,送料無料キャンペーン
ORD501029,2026-06-07,2026-06-07 09:32:05,C100514,2026-06-06,ブロンズ,PC,ファッション,StreetCo,LuxeMode,ファ-7657,17300,1,17300,7789,自然検索,なし,0,なし
ORD501275,2026-06-07,2026-06-07 10:45:59,C100598,2025-11-26,ゴールド,スマホ,家電,東芝ライク,EcoWave,家電-1821,4060,1,4060,3208,自然検索,なし,0,なし
ORD501268,2026-06-07,2026-06-07 15:25:47,C100134,2026-03-03,ブロンズ,スマホ,食品,GreenFarm,産直便,食品-7314,3300,1,3300,2393,自然検索,ポイント,121,なし
ORD500902,2026-06-07,2026-06-07 17:14:18,C100291,2025-04-30,ゴールド,スマホ,家電,SonyTech,EcoWave,家電-5082,79900,2,159800,117609,Push通知,なし,0,送料無料キャンペーン
ORD500377,2026-06-07,2026-06-07 17:47:27,C100070,2026-03-03,シルバー,スマホ,食品,旨味屋,産直便,食品-7584,3150,1,3150,1899,自然検索,なし,0,新春セール
ORD501079,2026-06-07,2026-06-07 19:15:14,C100697,2025-11-04,ゴールド,スマホ,スポーツ,FieldMax,SpeedFit,スポ-1313,34150,1,34150,20433,メルマガ,なし,0,なし
ORD500651,2026-06-08,2026-06-08 11:14:29,C100116,2024-12-18,シルバー,PC,ファッション,UNIWEAR,DailyFit,ファ-9208,15490,1,15490,8458,Google広告,ポイント,680,送料無料キャンペーン
ORD500754,2026-06-08,2026-06-08 12:59:39,C100449,2025-05-12,シルバー,タブレット,家電,Panafit,EcoWave,家電-4140,67710,1,67710,54500,自然検索,なし,0,新春セール
ORD500461,2026-06-08,2026-06-08 17:45:47,C100006,2025-01-15,ゴールド,スマホ,家電,SonyTech,AlphaGear,家電-7768,18740,1,18740,14311,自然検索,ポイント,1107,送料無料キャンペーン
ORD500158,2026-06-08,2026-06-08 18:09:36,C100041,2026-02-09,ブロンズ,スマホ,食品,旨味屋,ご褒美グルメ,食品-4705,5030,1,5030,3246,自然検索,なし,0,週末タイムセール
ORD500387,2026-06-08,2026-06-08 19:36:37,C100538,2025-10-06,ブロンズ,PC,家電,Panafit,AlphaGear,家電-3144,35430,2,70860,54528,自然検索,なし,0,なし
ORD501361,2026-06-08,2026-06-08 21:27:58,C100107,2025-12-17,シルバー,スマホ,美容,NaturaSkin,ピュアケア,美容-6712,3680,1,3680,1982,自然検索,ポイント,228,母の日特集
ORD500945,2026-06-08,2026-06-08 21:48:54,C100246,2026-02-09,シルバー,PC,ファッション,StreetCo,CasualX,ファ-9726,4090,2,8180,3806,Google広告,なし,0,週末タイムセール
ORD500551,2026-06-09,2026-06-09 07:12:21,C100009,2025-01-20,シルバー,PC,スポーツ,ActiveOne,OutFieldr,スポ-9123,26890,1,26890,18750,自然検索,なし,0,なし
ORD501284,2026-06-09,2026-06-09 07:33:23,C100025,2025-12-05,ブロンズ,PC,家電,東芝ライク,EcoWave,家電-7310,57310,1,57310,46508,自然検索,なし,0,なし
ORD501364,2026-06-09,2026-06-09 09:18:16,C100607,2025-09-21,シルバー,スマホ,食品,GreenFarm,毎日おいしい,食品-9361,3630,1,3630,2240,メルマガ,なし,0,なし
ORD500328,2026-06-09,2026-06-09 11:31:45,C100604,2026-03-21,プラチナ,PC,美容,NaturaSkin,ピュアケア,美容-3257,9330,2,18660,9689,LINE,なし,0,なし
ORD500203,2026-06-09,2026-06-09 16:38:00,C100021,2025-06-30,ブロンズ,スマホ,スポーツ,ActiveOne,OutFieldr,スポ-8039,13230,3,39690,22411,LINE,なし,0,週末タイムセール
ORD501170,2026-06-09,2026-06-09 17:02:36,C100582,2025-01-27,ブロンズ,PC,ファッション,UNIWEAR,DailyFit,ファ-9021,10270,3,30810,14521,Google広告,ポイント,806,なし
ORD500198,2026-06-09,2026-06-09 18:08:14,C100681,2025-02-14,シルバー,PC,家電,SonyTech,EcoWave,家電-8767,74370,3,223110,180001,自然検索,ポイント,13136,なし
ORD500858,2026-06-10,2026-06-10 08:44:51,C100467,2025-11-07,シルバー,PC,家電,Panafit,AlphaGear,家電-4809,15510,1,15510,11517,メルマガ,ポイント,429,なし
ORD500493,2026-06-10,2026-06-10 11:25:47,C100426,2026-04-12,シルバー,タブレット,食品,旨味屋,産直便,食品-5272,3110,3,9330,6704,自然検索,なし,0,なし
ORD500933,2026-06-10,2026-06-10 11:36:17,C100182,2025-09-11,ブロンズ,スマホ,ファッション,ModeJP,DailyFit,ファ-4511,16120,1,16120,9299,自然検索,クーポン,500,なし
ORD500525,2026-06-10,2026-06-10 12:19:37,C100255,2025-02-18,ゴールド,PC,ファッション,StreetCo,DailyFit,ファ-8739,15400,3,46200,27526,LINE,なし,0,なし
ORD500166,2026-06-10,2026-06-10 12:26:14,C100278,2025-01-03,シルバー,PC,美容,NaturaSkin,モイスト+,美容-5267,3090,2,6180,3011,自然検索,なし,0,新春セール
ORD501321,2026-06-10,2026-06-10 13:51:47,C100598,2025-11-26,ゴールド,PC,ファッション,StreetCo,LuxeMode,ファ-5589,19970,2,39940,22698,自然検索,ポイント,2195,なし
ORD501010,2026-06-10,2026-06-10 15:57:25,C100587,2025-01-23,ブロンズ,タブレット,食品,GreenFarm,毎日おいしい,食品-4828,2990,2,5980,4126,メルマガ,なし,0,なし
ORD501395,2026-06-10,2026-06-10 19:05:52,C100373,2025-07-01,プラチナ,スマホ,食品,GreenFarm,産直便,食品-4342,6410,1,6410,4327,メルマガ,なし,0,なし
ORD501012,2026-06-11,2026-06-11 15:12:14,C100622,2025-03-02,ブロンズ,タブレット,家電,Panafit,AlphaGear,家電-4159,58370,1,58370,46964,メルマガ,なし,0,新春セール
ORD500927,2026-06-11,2026-06-11 17:56:13,C100689,2026-02-23,ブロンズ,スマホ,ファッション,UNIWEAR,LuxeMode,ファ-3904,20130,1,20130,9436,Google広告,ポイント,1494,なし
ORD501128,2026-06-11,2026-06-11 18:15:07,C100472,2025-08-04,ブロンズ,スマホ,スポーツ,ActiveOne,OutFieldr,スポ-7644,10510,3,31530,17900,メルマガ,なし,0,母の日特集
ORD500776,2026-06-12,2026-06-12 12:45:42,C100192,2025-11-14,ゴールド,スマホ,美容,GlowLab,ピュアケア,美容-6594,14990,1,14990,7167,自然検索,なし,0,なし
ORD501290,2026-06-12,2026-06-12 13:05:20,C100503,2026-04-14,ゴールド,PC,食品,和ごころ,毎日おいしい,食品-2806,7710,2,15420,11238,メルマガ,なし,0,なし
ORD500914,2026-06-12,2026-06-12 13:48:43,C100405,2025-09-13,ブロンズ,スマホ,ファッション,StreetCo,CasualX,ファ-8503,5530,3,16590,9826,自然検索,ポイント,1017,なし
ORD500545,2026-06-12,2026-06-12 15:34:43,C100400,2026-06-12,ブロンズ,PC,ファッション,UNIWEAR,CasualX,ファ-5792,16420,2,32840,13369,メルマガ,ポイント,1881,なし
ORD500552,2026-06-12,2026-06-12 16:47:57,C100264,2026-06-12,ブロンズ,PC,家電,Panafit,EcoWave,家電-7658,50580,1,50580,39223,Push通知,クーポン,500,新春セール
ORD500073,2026-06-12,2026-06-12 18:12:08,C100507,2025-04-19,ゴールド,スマホ,食品,和ごころ,ご褒美グルメ,食品-8840,4350,2,8700,5902,自然検索,なし,0,なし
ORD500950,2026-06-12,2026-06-12 18:37:24,C100534,2025-10-27,ブロンズ,スマホ,スポーツ,FieldMax,SpeedFit,スポ-4698,9680,1,9680,6552,Push通知,なし,0,新春セール
ORD501060,2026-06-12,2026-06-12 19:07:49,C100326,2025-04-13,ゴールド,スマホ,ファッション,ModeJP,CasualX,ファ-4953,9560,2,19120,9109,Google広告,なし,0,なし
ORD500369,2026-06-12,2026-06-12 19:16:41,C100231,2026-04-07,シルバー,スマホ,家電,東芝ライク,EcoWave,家電-3694,39070,1,39070,27537,Google広告,なし,0,なし
ORD501235,2026-06-13,2026-06-13 11:54:19,C100150,2026-04-07,シルバー,スマホ,家電,東芝ライク,EcoWave,家電-6698,24470,2,48940,39139,LINE,なし,0,母の日特集
ORD501126,2026-06-13,2026-06-13 14:49:17,C100115,2025-10-22,シルバー,PC,スポーツ,RunPro,SpeedFit,スポ-5418,38050,2,76100,48440,自然検索,ポイント,1981,なし
ORD501081,2026-06-13,2026-06-13 18:35:00,C100427,2026-03-08,ブロンズ,スマホ,美容,NaturaSkin,ピュアケア,美容-4483,13990,3,41970,15723,Google広告,なし,0,なし
ORD500789,2026-06-13,2026-06-13 19:49:03,C100215,2025-05-03,シルバー,スマホ,食品,和ごころ,産直便,食品-7403,1830,3,5490,3555,メルマガ,クーポン,300,新春セール
ORD500691,2026-06-13,2026-06-13 19:59:47,C100547,2025-11-04,ブロンズ,スマホ,ファッション,StreetCo,DailyFit,ファ-6769,20120,2,40240,16826,Google広告,なし,0,母の日特集
ORD500961,2026-06-14,2026-06-14 01:58:14,C100539,2024-12-09,シルバー,スマホ,食品,旨味屋,毎日おいしい,食品-9002,2940,3,8820,6022,Push通知,なし,0,送料無料キャンペーン
ORD500770,2026-06-14,2026-06-14 09:44:00,C100392,2025-06-27,ゴールド,スマホ,ファッション,ModeJP,LuxeMode,ファ-1008,4030,2,8060,3375,自然検索,ポイント,592,なし
ORD500001,2026-06-14,2026-06-14 11:18:37,C100044,2025-01-05,ブロンズ,PC,スポーツ,ActiveOne,OutFieldr,スポ-4596,18730,2,37460,26091,Push通知,なし,0,なし
ORD500733,2026-06-14,2026-06-14 11:48:16,C100175,2025-08-21,ブロンズ,スマホ,食品,和ごころ,ご褒美グルメ,食品-7325,2940,1,2940,1767,自然検索,なし,0,なし
ORD500115,2026-06-14,2026-06-14 13:58:11,C100376,2026-01-28,ブロンズ,スマホ,ファッション,ModeJP,DailyFit,ファ-4507,7060,3,21180,12423,自然検索,クーポン,1000,母の日特集
ORD500809,2026-06-14,2026-06-14 14:29:35,C100635,2025-12-29,ゴールド,スマホ,食品,和ごころ,産直便,食品-2558,5710,2,11420,8456,メルマガ,クーポン,300,なし
ORD500799,2026-06-14,2026-06-14 17:10:50,C100542,2025-03-19,ブロンズ,スマホ,美容,NaturaSkin,モイスト+,美容-9234,2620,1,2620,1031,LINE,なし,0,なし
ORD500576,2026-06-14,2026-06-14 17:11:41,C100485,2025-04-10,シルバー,PC,家電,東芝ライク,AlphaGear,家電-9990,23120,3,69360,52364,メルマガ,なし,0,送料無料キャンペーン
ORD501075,2026-06-14,2026-06-14 17:23:49,C100365,2025-09-23,ブロンズ,タブレット,美容,GlowLab,モイスト+,美容-3248,8490,2,16980,8792,Google広告,なし,0,母の日特集
ORD500456,2026-06-14,2026-06-14 18:21:45,C100078,2025-10-20,ブロンズ,スマホ,ファッション,UNIWEAR,CasualX,ファ-5416,11820,1,11820,5515,LINE,ポイント,571,母の日特集
ORD500763,2026-06-14,2026-06-14 18:36:42,C100264,2026-06-14,ブロンズ,スマホ,ファッション,ModeJP,LuxeMode,ファ-2190,3040,3,9120,4276,Push通知,ポイント,563,なし
ORD500566,2026-06-14,2026-06-14 19:26:51,C100557,2026-04-18,ブロンズ,スマホ,スポーツ,ActiveOne,OutFieldr,スポ-8637,37040,1,37040,20878,自然検索,なし,0,新春セール
ORD501365,2026-06-14,2026-06-14 20:15:53,C100285,2026-05-24,ブロンズ,スマホ,美容,BeautéJP,ラディア,美容-7555,7890,2,15780,6180,SNS,なし,0,なし
ORD501294,2026-06-15,2026-06-15 05:19:59,C100293,2025-06-07,ブロンズ,PC,食品,GreenFarm,産直便,食品-1159,2790,1,2790,1824,メルマガ,クーポン,500,週末タイムセール
ORD500000,2026-06-15,2026-06-15 08:40:52,C100192,2025-11-14,ゴールド,タブレット,家電,SonyTech,AlphaGear,家電-3529,54950,3,164850,131171,LINE,なし,0,新春セール
ORD500124,2026-06-15,2026-06-15 10:32:21,C100114,2025-09-16,シルバー,PC,食品,和ごころ,産直便,食品-7943,5300,1,5300,3855,SNS,クーポン,1500,新春セール
ORD500030,2026-06-15,2026-06-15 12:47:11,C100359,2026-02-04,シルバー,タブレット,スポーツ,ActiveOne,SpeedFit,スポ-1848,27600,3,82800,49169,Push通知,ポイント,6504,なし
ORD500839,2026-06-15,2026-06-15 14:56:13,C100310,2025-12-18,ブロンズ,スマホ,食品,GreenFarm,毎日おいしい,食品-4040,7170,1,7170,5215,LINE,なし,0,なし
ORD501045,2026-06-15,2026-06-15 20:17:56,C100278,2025-01-03,シルバー,スマホ,ファッション,UNIWEAR,LuxeMode,ファ-6403,10560,2,21120,8488,Google広告,なし,0,送料無料キャンペーン
ORD500240,2026-06-15,2026-06-15 20:49:55,C100295,2025-09-24,ゴールド,スマホ,家電,SonyTech,EcoWave,家電-6969,40210,2,80420,60896,Google広告,クーポン,1500,なし
ORD501098,2026-06-15,2026-06-15 20:58:48,C100243,2025-12-08,シルバー,タブレット,スポーツ,ActiveOne,FlexCore,スポ-9432,31930,1,31930,22125,Push通知,なし,0,週末タイムセール
ORD501378,2026-06-15,2026-06-15 22:52:11,C100028,2025-10-09,ブロンズ,スマホ,家電,東芝ライク,AlphaGear,家電-5811,62470,1,62470,44459,メルマガ,なし,0,なし
ORD500302,2026-06-16,2026-06-16 08:53:38,C100435,2025-02-06,ブロンズ,スマホ,美容,GlowLab,ピュアケア,美容-5291,4470,1,4470,2214,Google広告,なし,0,新春セール
ORD500111,2026-06-16,2026-06-16 11:41:49,C100293,2025-06-07,ブロンズ,スマホ,ファッション,ModeJP,LuxeMode,ファ-3383,12360,1,12360,6661,Google広告,なし,0,週末タイムセール
ORD500323,2026-06-16,2026-06-16 14:38:31,C100171,2025-01-18,ブロンズ,スマホ,食品,旨味屋,産直便,食品-7374,4530,1,4530,3247,Google広告,ポイント,195,新春セール
ORD501356,2026-06-16,2026-06-16 16:30:51,C100414,2024-12-07,ゴールド,PC,ファッション,StreetCo,DailyFit,ファ-6854,2280,3,6840,2752,Google広告,なし,0,なし
ORD500457,2026-06-16,2026-06-16 19:13:19,C100500,2025-01-31,ブロンズ,スマホ,ファッション,UNIWEAR,LuxeMode,ファ-4669,21590,1,21590,9776,Push通知,クーポン,300,新春セール
ORD501140,2026-06-16,2026-06-16 20:36:09,C100045,2026-06-13,シルバー,スマホ,食品,和ごころ,産直便,食品-5655,1070,1,1070,799,自然検索,なし,0,週末タイムセール
ORD500580,2026-06-16,2026-06-16 22:54:43,C100619,2025-02-16,ブロンズ,スマホ,家電,東芝ライク,EcoWave,家電-3810,35960,2,71920,55572,Push通知,ポイント,3923,なし
ORD500794,2026-06-16,2026-06-16 23:18:37,C100662,2024-12-17,シルバー,PC,家電,Panafit,EcoWave,家電-8629,73700,1,73700,60019,Google広告,なし,0,週末タイムセール
ORD501067,2026-06-17,2026-06-17 12:14:32,C100579,2025-01-24,シルバー,スマホ,家電,SonyTech,AlphaGear,家電-2340,13020,1,13020,9548,自然検索,なし,0,なし
ORD500031,2026-06-17,2026-06-17 16:47:23,C100380,2024-11-30,ブロンズ,スマホ,スポーツ,ActiveOne,FlexCore,スポ-4941,28780,2,57560,36351,Google広告,なし,0,なし
ORD500939,2026-06-17,2026-06-17 18:10:13,C100049,2026-02-21,ブロンズ,スマホ,家電,SonyTech,ProLine,家電-8340,79530,2,159060,118738,Push通知,なし,0,新春セール
ORD500103,2026-06-17,2026-06-17 19:36:35,C100589,2026-03-31,ブロンズ,スマホ,美容,BeautéJP,ピュアケア,美容-1891,10540,2,21080,7967,自然検索,ポイント,953,母の日特集
ORD501145,2026-06-17,2026-06-17 20:43:21,C100391,2025-03-10,ブロンズ,スマホ,スポーツ,FieldMax,FlexCore,スポ-7682,34260,2,68520,42502,自然検索,ポイント,5383,なし
ORD501374,2026-06-17,2026-06-17 21:00:30,C100267,2025-06-16,ブロンズ,タブレット,美容,GlowLab,ピュアケア,美容-2912,17750,1,17750,6327,LINE,なし,0,なし
ORD500821,2026-06-18,2026-06-18 17:06:17,C100397,2025-03-20,ブロンズ,スマホ,ファッション,UNIWEAR,LuxeMode,ファ-8205,5140,2,10280,6099,Google広告,なし,0,なし
ORD500382,2026-06-18,2026-06-18 18:52:09,C100515,2025-01-27,ゴールド,タブレット,美容,BeautéJP,ピュアケア,美容-2332,14860,1,14860,6683,自然検索,クーポン,1500,母の日特集
ORD500266,2026-06-18,2026-06-18 20:07:40,C100122,2025-12-11,ブロンズ,スマホ,家電,東芝ライク,AlphaGear,家電-1635,65070,3,195210,145679,自然検索,ポイント,12701,なし
ORD500375,2026-06-18,2026-06-18 20:21:15,C100638,2026-03-01,ブロンズ,PC,スポーツ,FieldMax,SpeedFit,スポ-6634,17650,2,35300,23055,Google広告,ポイント,1208,なし
ORD500129,2026-06-18,2026-06-18 21:07:22,C100018,2026-03-29,ブロンズ,スマホ,美容,NaturaSkin,ピュアケア,美容-7498,4460,1,4460,2056,自然検索,なし,0,なし
ORD500625,2026-06-19,2026-06-19 03:07:26,C100435,2025-02-06,ブロンズ,スマホ,家電,東芝ライク,AlphaGear,家電-8129,78960,3,236880,191657,SNS,なし,0,なし
ORD500237,2026-06-19,2026-06-19 13:22:26,C100422,2026-02-14,シルバー,PC,家電,Panafit,EcoWave,家電-2301,36690,2,73380,59454,自然検索,なし,0,なし
ORD500930,2026-06-19,2026-06-19 16:55:12,C100250,2025-03-11,シルバー,スマホ,スポーツ,FieldMax,OutFieldr,スポ-5379,21340,1,21340,12578,Google広告,ポイント,1443,なし
ORD500226,2026-06-19,2026-06-19 19:51:57,C100425,2025-03-22,ゴールド,スマホ,美容,BeautéJP,ピュアケア,美容-7811,10340,3,31020,11435,メルマガ,なし,0,送料無料キャンペーン
ORD500418,2026-06-19,2026-06-19 20:48:21,C100573,2024-12-25,シルバー,PC,ファッション,UNIWEAR,DailyFit,ファ-6357,14870,2,29740,17481,メルマガ,なし,0,週末タイムセール
ORD501246,2026-06-20,2026-06-20 00:13:54,C100438,2025-01-12,ゴールド,スマホ,食品,和ごころ,毎日おいしい,食品-4859,4720,3,14160,9056,自然検索,ポイント,984,なし
ORD500724,2026-06-20,2026-06-20 07:08:35,C100645,2025-06-05,ブロンズ,スマホ,家電,東芝ライク,EcoWave,家電-7591,33100,3,99300,72570,自然検索,ポイント,6160,送料無料キャンペーン
ORD501373,2026-06-20,2026-06-20 13:02:31,C100439,2025-07-15,シルバー,スマホ,美容,NaturaSkin,ラディア,美容-9201,17390,1,17390,6227,LINE,クーポン,1000,なし
ORD501074,2026-06-20,2026-06-20 14:12:31,C100659,2025-05-13,シルバー,スマホ,ファッション,UNIWEAR,DailyFit,ファ-6899,10300,2,20600,9632,Google広告,なし,0,送料無料キャンペーン
ORD500466,2026-06-20,2026-06-20 18:01:31,C100629,2025-06-27,ブロンズ,PC,食品,GreenFarm,産直便,食品-4897,2440,2,4880,3335,SNS,ポイント,381,新春セール
ORD501256,2026-06-20,2026-06-20 20:22:13,C100610,2026-03-25,シルバー,PC,スポーツ,ActiveOne,SpeedFit,スポ-1016,18470,2,36940,25375,Push通知,ポイント,2114,母の日特集
ORD500212,2026-06-20,2026-06-20 21:29:30,C100435,2025-02-06,ブロンズ,PC,食品,GreenFarm,ご褒美グルメ,食品-6437,4420,1,4420,3193,LINE,クーポン,1500,なし
ORD500773,2026-06-21,2026-06-21 08:25:40,C100697,2025-11-04,ゴールド,スマホ,美容,NaturaSkin,ラディア,美容-6861,16260,2,32520,15146,LINE,なし,0,なし
ORD500553,2026-06-21,2026-06-21 12:53:31,C100492,2026-02-06,シルバー,タブレット,ファッション,ModeJP,LuxeMode,ファ-1322,24950,1,24950,12412,Push通知,なし,0,週末タイムセール
ORD501312,2026-06-21,2026-06-21 14:04:21,C100027,2026-03-19,ブロンズ,タブレット,美容,BeautéJP,ラディア,美容-4241,1420,1,1420,502,LINE,なし,0,週末タイムセール
ORD501269,2026-06-21,2026-06-21 14:10:19,C100091,2026-03-08,ブロンズ,PC,ファッション,StreetCo,DailyFit,ファ-1666,21050,1,21050,12201,自然検索,なし,0,母の日特集
ORD501352,2026-06-21,2026-06-21 15:01:57,C100195,2025-01-16,ブロンズ,スマホ,食品,旨味屋,毎日おいしい,食品-6616,4260,1,4260,2666,Google広告,クーポン,300,送料無料キャンペーン
ORD500792,2026-06-21,2026-06-21 19:01:58,C100120,2025-08-08,ブロンズ,スマホ,家電,SonyTech,ProLine,家電-6189,23330,3,69990,53313,LINE,なし,0,新春セール
ORD501224,2026-06-21,2026-06-21 21:34:22,C100330,2025-10-10,ブロンズ,PC,ファッション,ModeJP,LuxeMode,ファ-5867,21490,2,42980,23938,Google広告,なし,0,母の日特集
ORD501021,2026-06-22,2026-06-22 08:30:35,C100651,2025-12-10,シルバー,PC,家電,Panafit,AlphaGear,家電-2089,25980,2,51960,38238,自然検索,なし,0,なし
ORD500919,2026-06-22,2026-06-22 10:45:59,C100244,2025-11-26,ブロンズ,PC,ファッション,ModeJP,CasualX,ファ-5864,18330,1,18330,8107,自然検索,なし,0,週末タイムセール
ORD500718,2026-06-22,2026-06-22 11:17:40,C100627,2025-06-28,ブロンズ,スマホ,食品,和ごころ,産直便,食品-2329,7690,3,23070,16904,自然検索,ポイント,604,なし
ORD500971,2026-06-22,2026-06-22 16:01:04,C100350,2025-10-02,ブロンズ,スマホ,ファッション,ModeJP,LuxeMode,ファ-7820,11990,3,35970,20146,Google広告,なし,0,なし
ORD501156,2026-06-22,2026-06-22 19:08:09,C100471,2026-03-08,シルバー,スマホ,ファッション,UNIWEAR,CasualX,ファ-8267,13360,2,26720,11827,LINE,ポイント,1347,送料無料キャンペーン
ORD500317,2026-06-22,2026-06-22 19:34:26,C100110,2025-05-06,シルバー,スマホ,家電,SonyTech,AlphaGear,家電-5163,39390,2,78780,57701,メルマガ,なし,0,新春セール
ORD500062,2026-06-22,2026-06-22 20:41:52,C100054,2025-09-11,プラチナ,スマホ,美容,BeautéJP,ピュアケア,美容-7773,4830,1,4830,1778,メルマガ,なし,0,新春セール
ORD501096,2026-06-22,2026-06-22 20:46:42,C100058,2026-02-01,ブロンズ,PC,美容,BeautéJP,ラディア,美容-4414,6740,2,13480,6415,LINE,なし,0,母の日特集
ORD500771,2026-06-22,2026-06-22 20:57:11,C100169,2024-12-10,ゴールド,スマホ,食品,旨味屋,産直便,食品-1800,4540,2,9080,6445,メルマガ,ポイント,657,なし
ORD501286,2026-06-22,2026-06-22 23:02:04,C100313,2025-05-09,ブロンズ,PC,ファッション,ModeJP,LuxeMode,ファ-2130,5630,1,5630,2324,SNS,ポイント,129,なし
ORD500849,2026-06-23,2026-06-23 05:22:55,C100571,2025-07-26,ゴールド,PC,家電,東芝ライク,EcoWave,家電-5748,15060,3,45180,32390,メルマガ,なし,0,週末タイムセール
ORD501277,2026-06-23,2026-06-23 07:22:36,C100517,2025-01-04,ゴールド,タブレット,ファッション,StreetCo,CasualX,ファ-9400,24230,2,48460,28325,自然検索,なし,0,母の日特集
ORD501315,2026-06-23,2026-06-23 08:36:39,C100698,2024-12-26,ゴールド,PC,美容,NaturaSkin,モイスト+,美容-6674,13590,3,40770,17347,Google広告,ポイント,2519,新春セール
ORD500522,2026-06-23,2026-06-23 10:18:46,C100137,2024-12-14,ブロンズ,スマホ,ファッション,StreetCo,LuxeMode,ファ-6268,19870,3,59610,28303,Push通知,なし,0,なし
ORD500756,2026-06-23,2026-06-23 12:26:43,C100115,2025-10-22,シルバー,スマホ,ファッション,ModeJP,LuxeMode,ファ-1307,18430,1,18430,10311,Google広告,なし,0,なし
ORD500935,2026-06-23,2026-06-23 12:37:06,C100267,2025-06-16,ブロンズ,タブレット,美容,GlowLab,ピュアケア,美容-6289,6950,2,13900,5655,SNS,なし,0,週末タイムセール
ORD500133,2026-06-23,2026-06-23 14:42:33,C100241,2025-10-31,ブロンズ,スマホ,ファッション,ModeJP,CasualX,ファ-3171,24840,1,24840,12437,Google広告,クーポン,1000,なし
ORD501247,2026-06-23,2026-06-23 17:39:43,C100227,2025-10-28,シルバー,PC,スポーツ,FieldMax,SpeedFit,スポ-5040,31510,1,31510,20077,LINE,なし,0,なし
ORD500225,2026-06-23,2026-06-23 19:59:53,C100596,2025-10-29,シルバー,スマホ,美容,NaturaSkin,ラディア,美容-4693,14670,2,29340,13348,Push通知,ポイント,1493,週末タイムセール
ORD500474,2026-06-23,2026-06-23 20:56:15,C100503,2026-04-14,ゴールド,スマホ,美容,GlowLab,ラディア,美容-5292,2470,1,2470,941,Google広告,なし,0,なし
ORD501106,2026-06-23,2026-06-23 22:02:15,C100595,2026-03-07,ブロンズ,スマホ,食品,和ごころ,毎日おいしい,食品-2591,7600,2,15200,9593,Push通知,なし,0,送料無料キャンペーン
ORD500590,2026-06-24,2026-06-24 00:42:51,C100543,2025-03-08,ブロンズ,スマホ,ファッション,ModeJP,CasualX,ファ-1751,6520,3,19560,11070,Push通知,なし,0,送料無料キャンペーン
ORD500966,2026-06-24,2026-06-24 07:38:45,C100567,2025-04-20,ブロンズ,スマホ,食品,和ごころ,産直便,食品-8616,2090,2,4180,2583,自然検索,なし,0,なし
ORD500983,2026-06-24,2026-06-24 08:08:07,C100324,2026-06-15,シルバー,スマホ,美容,BeautéJP,ピュアケア,美容-2190,3650,2,7300,3575,SNS,なし,0,なし
ORD501301,2026-06-24,2026-06-24 08:27:01,C100088,2026-02-15,シルバー,PC,ファッション,UNIWEAR,CasualX,ファ-5293,18630,2,37260,18807,LINE,なし,0,週末タイムセール
ORD500899,2026-06-24,2026-06-24 11:11:18,C100417,2025-02-05,ブロンズ,PC,食品,和ごころ,毎日おいしい,食品-1395,6170,1,6170,4384,Push通知,なし,0,なし
ORD500779,2026-06-24,2026-06-24 11:31:47,C100410,2025-03-08,シルバー,PC,食品,旨味屋,毎日おいしい,食品-8665,6870,2,13740,9575,自然検索,なし,0,なし
ORD500255,2026-06-24,2026-06-24 11:44:41,C100571,2025-07-26,ゴールド,スマホ,家電,東芝ライク,EcoWave,家電-4535,34040,2,68080,52397,自然検索,なし,0,新春セール
ORD500743,2026-06-24,2026-06-24 17:31:12,C100398,2025-05-08,ゴールド,スマホ,美容,NaturaSkin,モイスト+,美容-4507,7700,1,7700,4179,メルマガ,なし,0,なし
ORD501014,2026-06-24,2026-06-24 20:11:08,C100022,2025-03-12,ブロンズ,スマホ,ファッション,ModeJP,LuxeMode,ファ-3190,20300,1,20300,9881,メルマガ,なし,0,送料無料キャンペーン
ORD500761,2026-06-24,2026-06-24 20:26:10,C100461,2025-02-16,ブロンズ,スマホ,ファッション,UNIWEAR,CasualX,ファ-7623,12610,3,37830,16012,LINE,なし,0,新春セール
ORD500833,2026-06-25,2026-06-25 07:14:44,C100474,2025-11-29,ゴールド,タブレット,家電,東芝ライク,EcoWave,家電-9504,74540,1,74540,55792,SNS,ポイント,4407,なし
ORD500704,2026-06-25,2026-06-25 09:51:27,C100250,2025-03-11,シルバー,スマホ,ファッション,ModeJP,LuxeMode,ファ-9350,2370,1,2370,1178,自然検索,クーポン,500,新春セール
ORD500289,2026-06-25,2026-06-25 10:05:54,C100646,2025-08-21,シルバー,PC,食品,旨味屋,毎日おいしい,食品-1364,7540,1,7540,4915,自然検索,なし,0,送料無料キャンペーン
ORD500891,2026-06-25,2026-06-25 10:19:54,C100538,2025-10-06,ブロンズ,スマホ,ファッション,StreetCo,CasualX,ファ-3464,23650,1,23650,11938,Push通知,ポイント,599,なし
ORD500499,2026-06-25,2026-06-25 13:14:54,C100203,2026-01-06,ゴールド,スマホ,家電,Panafit,EcoWave,家電-6186,36640,1,36640,29623,Google広告,なし,0,新春セール
ORD500972,2026-06-25,2026-06-25 15:37:28,C100655,2025-10-01,ブロンズ,PC,ファッション,StreetCo,DailyFit,ファ-3877,8590,2,17180,9428,Google広告,なし,0,送料無料キャンペーン
ORD500962,2026-06-25,2026-06-25 15:42:56,C100067,2025-06-29,ゴールド,スマホ,家電,東芝ライク,ProLine,家電-8990,34860,2,69720,51797,自然検索,なし,0,なし
ORD500429,2026-06-25,2026-06-25 16:00:02,C100081,2025-08-07,ゴールド,スマホ,ファッション,UNIWEAR,LuxeMode,ファ-3800,18540,1,18540,9903,SNS,なし,0,なし
ORD500660,2026-06-25,2026-06-25 17:51:01,C100047,2026-04-29,ブロンズ,スマホ,ファッション,ModeJP,DailyFit,ファ-8557,11040,1,11040,5192,Push通知,なし,0,週末タイムセール
ORD500655,2026-06-25,2026-06-25 19:12:12,C100384,2024-12-15,ブロンズ,タブレット,家電,SonyTech,EcoWave,家電-3364,73020,3,219060,157994,メルマガ,クーポン,1500,送料無料キャンペーン
ORD501252,2026-06-25,2026-06-25 21:21:13,C100344,2026-05-06,ゴールド,PC,家電,東芝ライク,EcoWave,家電-6982,71220,3,213660,158429,メルマガ,クーポン,1500,なし
ORD501168,2026-06-26,2026-06-26 13:34:02,C100488,2026-02-13,ブロンズ,PC,スポーツ,RunPro,OutFieldr,スポ-2679,5770,2,11540,8060,自然検索,ポイント,289,母の日特集
ORD500602,2026-06-26,2026-06-26 16:11:04,C100677,2025-01-15,ブロンズ,スマホ,食品,和ごころ,毎日おいしい,食品-6144,6180,2,12360,8543,LINE,なし,0,なし
ORD501124,2026-06-26,2026-06-26 16:52:05,C100057,2025-02-24,ゴールド,スマホ,美容,GlowLab,モイスト+,美容-2307,9980,3,29940,15711,自然検索,なし,0,送料無料キャンペーン
ORD500273,2026-06-26,2026-06-26 17:21:46,C100090,2025-08-06,ゴールド,スマホ,スポーツ,FieldMax,SpeedFit,スポ-9135,36570,3,109710,60435,自然検索,ポイント,2749,新春セール
ORD500192,2026-06-26,2026-06-26 18:26:08,C100560,2025-10-04,ゴールド,スマホ,食品,旨味屋,ご褒美グルメ,食品-9384,3720,1,3720,2507,SNS,なし,0,なし
ORD501381,2026-06-26,2026-06-26 21:40:00,C100342,2025-11-22,ブロンズ,スマホ,美容,GlowLab,モイスト+,美容-1954,4780,3,14340,5697,自然検索,なし,0,新春セール
ORD500586,2026-06-26,2026-06-26 22:50:39,C100334,2025-08-20,シルバー,スマホ,食品,和ごころ,ご褒美グルメ,食品-9496,2720,1,2720,1688,Google広告,なし,0,なし
ORD500892,2026-06-27,2026-06-27 10:59:47,C100070,2026-03-03,シルバー,PC,食品,旨味屋,産直便,食品-8174,1460,1,1460,1078,自然検索,なし,0,週末タイムセール
ORD501025,2026-06-27,2026-06-27 14:57:09,C100650,2025-09-06,ブロンズ,PC,家電,東芝ライク,AlphaGear,家電-1973,48890,1,48890,39005,自然検索,なし,0,なし
ORD501329,2026-06-27,2026-06-27 15:45:02,C100251,2025-09-09,ゴールド,スマホ,美容,NaturaSkin,モイスト+,美容-1025,1400,1,1400,625,Google広告,なし,0,母の日特集
ORD500368,2026-06-27,2026-06-27 18:05:02,C100361,2026-04-27,シルバー,スマホ,家電,東芝ライク,ProLine,家電-4457,59670,1,59670,44971,自然検索,ポイント,2463,週末タイムセール
ORD500006,2026-06-27,2026-06-27 18:27:06,C100497,2025-07-02,シルバー,タブレット,家電,東芝ライク,AlphaGear,家電-4811,41990,2,83980,63817,SNS,ポイント,4968,なし
ORD501346,2026-06-27,2026-06-27 20:13:12,C100169,2024-12-10,ゴールド,PC,家電,SonyTech,ProLine,家電-6237,44490,1,44490,35898,メルマガ,なし,0,なし
ORD500150,2026-06-27,2026-06-27 20:31:44,C100090,2025-08-06,ゴールド,スマホ,ファッション,UNIWEAR,LuxeMode,ファ-5164,6250,2,12500,5790,自然検索,ポイント,737,なし
ORD500867,2026-06-28,2026-06-28 01:10:13,C100680,2026-01-20,シルバー,スマホ,食品,GreenFarm,ご褒美グルメ,食品-6047,3990,1,3990,2930,Google広告,なし,0,母の日特集
ORD500071,2026-06-28,2026-06-28 03:33:58,C100221,2025-08-18,ゴールド,PC,家電,SonyTech,ProLine,家電-9025,24170,2,48340,39320,自然検索,なし,0,なし
ORD500554,2026-06-28,2026-06-28 07:23:19,C100548,2025-09-22,ブロンズ,スマホ,美容,GlowLab,ピュアケア,美容-7679,2860,2,5720,2671,LINE,なし,0,母の日特集
ORD500440,2026-06-28,2026-06-28 08:39:56,C100337,2025-05-29,プラチナ,スマホ,ファッション,UNIWEAR,CasualX,ファ-5044,4750,2,9500,4362,Push通知,なし,0,週末タイムセール
ORD500108,2026-06-28,2026-06-28 13:18:49,C100214,2026-01-28,シルバー,スマホ,ファッション,UNIWEAR,DailyFit,ファ-7207,6440,3,19320,10164,自然検索,なし,0,なし
ORD500688,2026-06-28,2026-06-28 16:38:15,C100494,2025-05-14,ブロンズ,タブレット,家電,Panafit,ProLine,家電-6087,24570,1,24570,19282,自然検索,なし,0,なし
ORD501055,2026-06-28,2026-06-28 16:54:00,C100320,2025-05-31,ブロンズ,スマホ,美容,BeautéJP,ラディア,美容-3080,5610,3,16830,8891,自然検索,クーポン,1500,なし
ORD500528,2026-06-28,2026-06-28 18:06:52,C100648,2026-06-07,プラチナ,スマホ,食品,GreenFarm,ご褒美グルメ,食品-5071,1010,1,1010,638,Google広告,なし,0,なし
ORD500355,2026-06-28,2026-06-28 18:27:02,C100356,2025-02-22,ゴールド,PC,家電,Panafit,AlphaGear,家電-7283,66280,1,66280,53855,LINE,なし,0,週末タイムセール
ORD501249,2026-06-29,2026-06-29 04:36:48,C100514,2026-06-06,ブロンズ,タブレット,家電,SonyTech,EcoWave,家電-7881,76020,1,76020,57475,自然検索,ポイント,3476,なし
ORD501063,2026-06-29,2026-06-29 09:15:51,C100199,2026-06-07,ブロンズ,スマホ,家電,東芝ライク,ProLine,家電-7764,40690,1,40690,33333,Push通知,なし,0,なし
ORD500875,2026-06-29,2026-06-29 09:34:17,C100120,2025-08-08,ブロンズ,スマホ,食品,和ごころ,産直便,食品-4630,5660,2,11320,7619,自然検索,なし,0,週末タイムセール
ORD500516,2026-06-29,2026-06-29 14:35:10,C100399,2025-05-25,ゴールド,スマホ,美容,BeautéJP,ラディア,美容-1545,8210,1,8210,4192,自然検索,なし,0,なし
ORD501253,2026-06-29,2026-06-29 14:52:17,C100252,2025-03-16,ゴールド,PC,食品,和ごころ,毎日おいしい,食品-6529,4300,3,12900,9503,Google広告,クーポン,1500,なし
ORD500562,2026-06-29,2026-06-29 17:33:01,C100299,2024-12-09,ブロンズ,スマホ,食品,旨味屋,毎日おいしい,食品-6971,4130,2,8260,5370,LINE,なし,0,なし
ORD500956,2026-06-29,2026-06-29 17:36:59,C100159,2026-02-24,ブロンズ,スマホ,スポーツ,FieldMax,FlexCore,スポ-2919,9950,2,19900,13229,自然検索,クーポン,1500,なし
ORD500069,2026-06-29,2026-06-29 20:13:18,C100657,2025-11-29,ブロンズ,スマホ,スポーツ,RunPro,OutFieldr,スポ-9864,36930,3,110790,64284,Google広告,なし,0,新春セール
ORD500326,2026-06-29,2026-06-29 20:34:30,C100085,2026-01-07,ブロンズ,PC,食品,GreenFarm,毎日おいしい,食品-8190,1660,1,1660,1149,Google広告,クーポン,500,母の日特集
ORD501206,2026-06-30,2026-06-30 08:16:18,C100404,2025-09-12,シルバー,PC,ファッション,ModeJP,CasualX,ファ-5250,17540,1,17540,8540,自然検索,なし,0,なし
ORD500820,2026-06-30,2026-06-30 09:40:50,C100451,2026-05-17,ブロンズ,スマホ,ファッション,ModeJP,CasualX,ファ-7480,12890,2,25780,10825,メルマガ,なし,0,週末タイムセール
ORD500064,2026-06-30,2026-06-30 14:13:49,C100520,2025-06-22,シルバー,タブレット,ファッション,StreetCo,CasualX,ファ-5174,14320,1,14320,7239,メルマガ,なし,0,なし
ORD501142,2026-06-30,2026-06-30 18:12:08,C100055,2024-12-22,ゴールド,スマホ,スポーツ,ActiveOne,SpeedFit,スポ-9815,24320,1,24320,16145,Google広告,なし,0,新春セール
